file,line,type,commit,author,date,time,timezone,datetime,depth,length
style.css,1,css,d5dbfe35,hannahhuangh,2026-04-14,16:40:17,-07:00,2026-04-14T16:40:17-07:00,0,8
style.css,2,css,ab248638,hannahhuangh,2026-04-07,07:51:00,-07:00,2026-04-07T07:51:00-07:00,0,4
style.css,3,css,d5dbfe35,hannahhuangh,2026-04-14,16:40:17,-07:00,2026-04-14T16:40:17-07:00,1,23
style.css,4,css,ab248638,hannahhuangh,2026-04-07,07:51:00,-07:00,2026-04-07T07:51:00-07:00,1,31
style.css,5,css,d5dbfe35,hannahhuangh,2026-04-14,16:40:17,-07:00,2026-04-14T16:40:17-07:00,1,39
style.css,6,css,d5dbfe35,hannahhuangh,2026-04-14,16:40:17,-07:00,2026-04-14T16:40:17-07:00,1,56
style.css,7,css,ab248638,hannahhuangh,2026-04-07,07:51:00,-07:00,2026-04-07T07:51:00-07:00,1,32
style.css,8,css,ab248638,hannahhuangh,2026-04-07,07:51:00,-07:00,2026-04-07T07:51:00-07:00,0,0
style.css,9,css,ab248638,hannahhuangh,2026-04-07,07:51:00,-07:00,2026-04-07T07:51:00-07:00,0,0
style.css,10,css,56a8ab08,hannahhuangh,2026-04-01,13:24:40,-05:00,2026-04-01T13:24:40-05:00,0,4
style.css,11,css,ab248638,hannahhuangh,2026-04-07,07:51:00,-07:00,2026-04-07T07:51:00-07:00,1,35
style.css,12,css,ab248638,hannahhuangh,2026-04-07,07:51:00,-07:00,2026-04-07T07:51:00-07:00,1,15
style.css,13,css,ab248638,hannahhuangh,2026-04-07,07:51:00,-07:00,2026-04-07T07:51:00-07:00,1,42
style.css,14,css,ab248638,hannahhuangh,2026-04-07,07:51:00,-07:00,2026-04-07T07:51:00-07:00,1,11
style.css,15,css,d5dbfe35,hannahhuangh,2026-04-14,16:40:17,-07:00,2026-04-14T16:40:17-07:00,1,23
style.css,16,css,d5dbfe35,hannahhuangh,2026-04-14,16:40:17,-07:00,2026-04-14T16:40:17-07:00,1,16
style.css,17,css,ab248638,hannahhuangh,2026-04-07,07:51:00,-07:00,2026-04-07T07:51:00-07:00,0,0
style.css,18,css,ab248638,hannahhuangh,2026-04-07,07:51:00,-07:00,2026-04-07T07:51:00-07:00,0,0
style.css,19,css,ab248638,hannahhuangh,2026-04-07,07:51:00,-07:00,2026-04-07T07:51:00-07:00,0,2
style.css,20,css,ab248638,hannahhuangh,2026-04-07,07:51:00,-07:00,2026-04-07T07:51:00-07:00,1,14
style.css,21,css,d5dbfe35,hannahhuangh,2026-04-14,16:40:17,-07:00,2026-04-14T16:40:17-07:00,1,18
style.css,22,css,ab248638,hannahhuangh,2026-04-07,07:51:00,-07:00,2026-04-07T07:51:00-07:00,0,0
style.css,23,css,ab248638,hannahhuangh,2026-04-07,07:51:00,-07:00,2026-04-07T07:51:00-07:00,0,0
style.css,24,css,ab248638,hannahhuangh,2026-04-07,07:51:00,-07:00,2026-04-07T07:51:00-07:00,0,1
style.css,25,css,ab248638,hannahhuangh,2026-04-07,07:51:00,-07:00,2026-04-07T07:51:00-07:00,0,1
style.css,26,css,ab248638,hannahhuangh,2026-04-07,07:51:00,-07:00,2026-04-07T07:51:00-07:00,0,1
style.css,27,css,ab248638,hannahhuangh,2026-04-07,07:51:00,-07:00,2026-04-07T07:51:00-07:00,0,1
style.css,28,css,ab248638,hannahhuangh,2026-04-07,07:51:00,-07:00,2026-04-07T07:51:00-07:00,0,1
style.css,29,css,ab248638,hannahhuangh,2026-04-07,07:51:00,-07:00,2026-04-07T07:51:00-07:00,0,2
style.css,30,css,ab248638,hannahhuangh,2026-04-07,07:51:00,-07:00,2026-04-07T07:51:00-07:00,1,15
style.css,31,css,ab248638,hannahhuangh,2026-04-07,07:51:00,-07:00,2026-04-07T07:51:00-07:00,1,17
style.css,32,css,ab248638,hannahhuangh,2026-04-07,07:51:00,-07:00,2026-04-07T07:51:00-07:00,0,0
style.css,33,css,ab248638,hannahhuangh,2026-04-07,07:51:00,-07:00,2026-04-07T07:51:00-07:00,0,0
style.css,34,css,d5dbfe35,hannahhuangh,2026-04-14,16:40:17,-07:00,2026-04-14T16:40:17-07:00,0,3
style.css,35,css,d5dbfe35,hannahhuangh,2026-04-14,16:40:17,-07:00,2026-04-14T16:40:17-07:00,1,14
style.css,36,css,d5dbfe35,hannahhuangh,2026-04-14,16:40:17,-07:00,2026-04-14T16:40:17-07:00,1,11
style.css,37,css,d5dbfe35,hannahhuangh,2026-04-14,16:40:17,-07:00,2026-04-14T16:40:17-07:00,1,13
style.css,38,css,d5dbfe35,hannahhuangh,2026-04-14,16:40:17,-07:00,2026-04-14T16:40:17-07:00,0,0
style.css,39,css,d5dbfe35,hannahhuangh,2026-04-14,16:40:17,-07:00,2026-04-14T16:40:17-07:00,0,0
style.css,40,css,d5dbfe35,hannahhuangh,2026-04-14,16:40:17,-07:00,2026-04-14T16:40:17-07:00,0,6
style.css,41,css,d5dbfe35,hannahhuangh,2026-04-14,16:40:17,-07:00,2026-04-14T16:40:17-07:00,1,8
style.css,42,css,d5dbfe35,hannahhuangh,2026-04-14,16:40:17,-07:00,2026-04-14T16:40:17-07:00,0,0
style.css,43,css,ab248638,hannahhuangh,2026-04-07,07:51:00,-07:00,2026-04-07T07:51:00-07:00,0,0
style.css,44,css,d5dbfe35,hannahhuangh,2026-04-14,16:40:17,-07:00,2026-04-14T16:40:17-07:00,0,10
style.css,45,css,d5dbfe35,hannahhuangh,2026-04-14,16:40:17,-07:00,2026-04-14T16:40:17-07:00,1,17
style.css,46,css,d5dbfe35,hannahhuangh,2026-04-14,16:40:17,-07:00,2026-04-14T16:40:17-07:00,1,23
style.css,47,css,d5dbfe35,hannahhuangh,2026-04-14,16:40:17,-07:00,2026-04-14T16:40:17-07:00,0,0
style.css,48,css,d5dbfe35,hannahhuangh,2026-04-14,16:40:17,-07:00,2026-04-14T16:40:17-07:00,0,0
style.css,49,css,93c0d4f0,hannahhuangh,2026-04-23,18:01:17,-07:00,2026-04-23T18:01:17-07:00,0,6
style.css,50,css,93c0d4f0,hannahhuangh,2026-04-23,18:01:17,-07:00,2026-04-23T18:01:17-07:00,1,12
style.css,51,css,93c0d4f0,hannahhuangh,2026-04-23,18:01:17,-07:00,2026-04-23T18:01:17-07:00,1,18
style.css,52,css,93c0d4f0,hannahhuangh,2026-04-23,18:01:17,-07:00,2026-04-23T18:01:17-07:00,1,22
style.css,53,css,93c0d4f0,hannahhuangh,2026-04-23,18:01:17,-07:00,2026-04-23T18:01:17-07:00,1,8
style.css,54,css,93c0d4f0,hannahhuangh,2026-04-23,18:01:17,-07:00,2026-04-23T18:01:17-07:00,1,14
style.css,55,css,93c0d4f0,hannahhuangh,2026-04-23,18:01:17,-07:00,2026-04-23T18:01:17-07:00,0,0
style.css,56,css,93c0d4f0,hannahhuangh,2026-04-23,18:01:17,-07:00,2026-04-23T18:01:17-07:00,0,0
style.css,57,css,93c0d4f0,hannahhuangh,2026-04-23,18:01:17,-07:00,2026-04-23T18:01:17-07:00,0,11
style.css,58,css,93c0d4f0,hannahhuangh,2026-04-23,18:01:17,-07:00,2026-04-23T18:01:17-07:00,1,15
style.css,59,css,93c0d4f0,hannahhuangh,2026-04-23,18:01:17,-07:00,2026-04-23T18:01:17-07:00,1,15
style.css,60,css,93c0d4f0,hannahhuangh,2026-04-23,18:01:17,-07:00,2026-04-23T18:01:17-07:00,0,0
style.css,61,css,93c0d4f0,hannahhuangh,2026-04-23,18:01:17,-07:00,2026-04-23T18:01:17-07:00,0,0
style.css,62,css,93c0d4f0,hannahhuangh,2026-04-23,18:01:17,-07:00,2026-04-23T18:01:17-07:00,0,10
style.css,63,css,93c0d4f0,hannahhuangh,2026-04-23,18:01:17,-07:00,2026-04-23T18:01:17-07:00,1,15
style.css,64,css,93c0d4f0,hannahhuangh,2026-04-23,18:01:17,-07:00,2026-04-23T18:01:17-07:00,1,10
style.css,65,css,93c0d4f0,hannahhuangh,2026-04-23,18:01:17,-07:00,2026-04-23T18:01:17-07:00,1,11
style.css,66,css,93c0d4f0,hannahhuangh,2026-04-23,18:01:17,-07:00,2026-04-23T18:01:17-07:00,0,0
style.css,67,css,93c0d4f0,hannahhuangh,2026-04-23,18:01:17,-07:00,2026-04-23T18:01:17-07:00,0,0
style.css,68,css,93c0d4f0,hannahhuangh,2026-04-23,18:01:17,-07:00,2026-04-23T18:01:17-07:00,0,28
style.css,69,css,93c0d4f0,hannahhuangh,2026-04-23,18:01:17,-07:00,2026-04-23T18:01:17-07:00,0,13
style.css,70,css,93c0d4f0,hannahhuangh,2026-04-23,18:01:17,-07:00,2026-04-23T18:01:17-07:00,1,12
style.css,71,css,93c0d4f0,hannahhuangh,2026-04-23,18:01:17,-07:00,2026-04-23T18:01:17-07:00,1,36
style.css,72,css,93c0d4f0,hannahhuangh,2026-04-23,18:01:17,-07:00,2026-04-23T18:01:17-07:00,1,10
style.css,73,css,93c0d4f0,hannahhuangh,2026-04-23,18:01:17,-07:00,2026-04-23T18:01:17-07:00,1,15
style.css,74,css,93c0d4f0,hannahhuangh,2026-04-23,18:01:17,-07:00,2026-04-23T18:01:17-07:00,1,17
style.css,75,css,93c0d4f0,hannahhuangh,2026-04-23,18:01:17,-07:00,2026-04-23T18:01:17-07:00,0,0
style.css,76,css,93c0d4f0,hannahhuangh,2026-04-23,18:01:17,-07:00,2026-04-23T18:01:17-07:00,0,0
style.css,77,css,93c0d4f0,hannahhuangh,2026-04-23,18:01:17,-07:00,2026-04-23T18:01:17-07:00,0,16
style.css,78,css,93c0d4f0,hannahhuangh,2026-04-23,18:01:17,-07:00,2026-04-23T18:01:17-07:00,1,10
style.css,79,css,93c0d4f0,hannahhuangh,2026-04-23,18:01:17,-07:00,2026-04-23T18:01:17-07:00,1,8
style.css,80,css,93c0d4f0,hannahhuangh,2026-04-23,18:01:17,-07:00,2026-04-23T18:01:17-07:00,1,16
style.css,81,css,93c0d4f0,hannahhuangh,2026-04-23,18:01:17,-07:00,2026-04-23T18:01:17-07:00,1,24
style.css,82,css,93c0d4f0,hannahhuangh,2026-04-23,18:01:17,-07:00,2026-04-23T18:01:17-07:00,1,23
style.css,83,css,93c0d4f0,hannahhuangh,2026-04-23,18:01:17,-07:00,2026-04-23T18:01:17-07:00,1,21
style.css,84,css,93c0d4f0,hannahhuangh,2026-04-23,18:01:17,-07:00,2026-04-23T18:01:17-07:00,0,0
style.css,85,css,93c0d4f0,hannahhuangh,2026-04-23,18:01:17,-07:00,2026-04-23T18:01:17-07:00,0,0
style.css,86,css,93c0d4f0,hannahhuangh,2026-04-23,18:01:17,-07:00,2026-04-23T18:01:17-07:00,0,16
style.css,87,css,93c0d4f0,hannahhuangh,2026-04-23,18:01:17,-07:00,2026-04-23T18:01:17-07:00,1,10
style.css,88,css,93c0d4f0,hannahhuangh,2026-04-23,18:01:17,-07:00,2026-04-23T18:01:17-07:00,1,8
style.css,89,css,93c0d4f0,hannahhuangh,2026-04-23,18:01:17,-07:00,2026-04-23T18:01:17-07:00,1,16
style.css,90,css,93c0d4f0,hannahhuangh,2026-04-23,18:01:17,-07:00,2026-04-23T18:01:17-07:00,1,16
style.css,91,css,93c0d4f0,hannahhuangh,2026-04-23,18:01:17,-07:00,2026-04-23T18:01:17-07:00,0,0
style.css,92,css,93c0d4f0,hannahhuangh,2026-04-23,18:01:17,-07:00,2026-04-23T18:01:17-07:00,0,0
style.css,93,css,93c0d4f0,hannahhuangh,2026-04-23,18:01:17,-07:00,2026-04-23T18:01:17-07:00,0,14
style.css,94,css,93c0d4f0,hannahhuangh,2026-04-23,18:01:17,-07:00,2026-04-23T18:01:17-07:00,1,15
style.css,95,css,93c0d4f0,hannahhuangh,2026-04-23,18:01:17,-07:00,2026-04-23T18:01:17-07:00,0,0
style.css,96,css,93c0d4f0,hannahhuangh,2026-04-23,18:01:17,-07:00,2026-04-23T18:01:17-07:00,0,0
style.css,97,css,93c0d4f0,hannahhuangh,2026-04-23,18:01:17,-07:00,2026-04-23T18:01:17-07:00,0,25
style.css,98,css,93c0d4f0,hannahhuangh,2026-04-23,18:01:17,-07:00,2026-04-23T18:01:17-07:00,1,13
style.css,99,css,93c0d4f0,hannahhuangh,2026-04-23,18:01:17,-07:00,2026-04-23T18:01:17-07:00,2,36
style.css,100,css,93c0d4f0,hannahhuangh,2026-04-23,18:01:17,-07:00,2026-04-23T18:01:17-07:00,1,0
style.css,101,css,93c0d4f0,hannahhuangh,2026-04-23,18:01:17,-07:00,2026-04-23T18:01:17-07:00,0,0
style.css,102,css,d5dbfe35,hannahhuangh,2026-04-14,16:40:17,-07:00,2026-04-14T16:40:17-07:00,0,0
style.css,103,css,d5dbfe35,hannahhuangh,2026-04-14,16:40:17,-07:00,2026-04-14T16:40:17-07:00,0,14
style.css,104,css,ab248638,hannahhuangh,2026-04-07,07:51:00,-07:00,2026-04-07T07:51:00-07:00,0,5
style.css,105,css,ab248638,hannahhuangh,2026-04-07,07:51:00,-07:00,2026-04-07T07:51:00-07:00,0,6
style.css,106,css,ab248638,hannahhuangh,2026-04-07,07:51:00,-07:00,2026-04-07T07:51:00-07:00,1,16
style.css,107,css,ab248638,hannahhuangh,2026-04-07,07:51:00,-07:00,2026-04-07T07:51:00-07:00,0,0
style.css,108,css,ab248638,hannahhuangh,2026-04-07,07:51:00,-07:00,2026-04-07T07:51:00-07:00,0,0
style.css,109,css,ab248638,hannahhuangh,2026-04-07,07:51:00,-07:00,2026-04-07T07:51:00-07:00,0,3
style.css,110,css,ab248638,hannahhuangh,2026-04-07,07:51:00,-07:00,2026-04-07T07:51:00-07:00,1,12
style.css,111,css,ab248638,hannahhuangh,2026-04-07,07:51:00,-07:00,2026-04-07T07:51:00-07:00,1,17
style.css,112,css,d5dbfe35,hannahhuangh,2026-04-14,16:40:17,-07:00,2026-04-14T16:40:17-07:00,1,43
style.css,113,css,ab248638,hannahhuangh,2026-04-07,07:51:00,-07:00,2026-04-07T07:51:00-07:00,0,0
style.css,114,css,ab248638,hannahhuangh,2026-04-07,07:51:00,-07:00,2026-04-07T07:51:00-07:00,0,0
style.css,115,css,ab248638,hannahhuangh,2026-04-07,07:51:00,-07:00,2026-04-07T07:51:00-07:00,0,5
style.css,116,css,ab248638,hannahhuangh,2026-04-07,07:51:00,-07:00,2026-04-07T07:51:00-07:00,1,6
style.css,117,css,ab248638,hannahhuangh,2026-04-07,07:51:00,-07:00,2026-04-07T07:51:00-07:00,1,20
style.css,118,css,ab248638,hannahhuangh,2026-04-07,07:51:00,-07:00,2026-04-07T07:51:00-07:00,1,13
style.css,119,css,ab248638,hannahhuangh,2026-04-07,07:51:00,-07:00,2026-04-07T07:51:00-07:00,1,17
style.css,120,css,ab248638,hannahhuangh,2026-04-07,07:51:00,-07:00,2026-04-07T07:51:00-07:00,1,13
style.css,121,css,ab248638,hannahhuangh,2026-04-07,07:51:00,-07:00,2026-04-07T07:51:00-07:00,0,0
style.css,122,css,ab248638,hannahhuangh,2026-04-07,07:51:00,-07:00,2026-04-07T07:51:00-07:00,0,0
style.css,123,css,ab248638,hannahhuangh,2026-04-07,07:51:00,-07:00,2026-04-07T07:51:00-07:00,0,13
style.css,124,css,d5dbfe35,hannahhuangh,2026-04-14,16:40:17,-07:00,2026-04-14T16:40:17-07:00,1,45
style.css,125,css,ab248638,hannahhuangh,2026-04-07,07:51:00,-07:00,2026-04-07T07:51:00-07:00,1,20
style.css,126,css,d5dbfe35,hannahhuangh,2026-04-14,16:40:17,-07:00,2026-04-14T16:40:17-07:00,1,16
style.css,127,css,ab248638,hannahhuangh,2026-04-07,07:51:00,-07:00,2026-04-07T07:51:00-07:00,0,0
style.css,128,css,ab248638,hannahhuangh,2026-04-07,07:51:00,-07:00,2026-04-07T07:51:00-07:00,0,0
style.css,129,css,ab248638,hannahhuangh,2026-04-07,07:51:00,-07:00,2026-04-07T07:51:00-07:00,0,11
style.css,130,css,d5dbfe35,hannahhuangh,2026-04-14,16:40:17,-07:00,2026-04-14T16:40:17-07:00,1,36
style.css,131,css,d5dbfe35,hannahhuangh,2026-04-14,16:40:17,-07:00,2026-04-14T16:40:17-07:00,2,18
style.css,132,css,d5dbfe35,hannahhuangh,2026-04-14,16:40:17,-07:00,2026-04-14T16:40:17-07:00,2,38
style.css,133,css,d5dbfe35,hannahhuangh,2026-04-14,16:40:17,-07:00,2026-04-14T16:40:17-07:00,1,0
style.css,134,css,d5dbfe35,hannahhuangh,2026-04-14,16:40:17,-07:00,2026-04-14T16:40:17-07:00,1,27
style.css,135,css,d5dbfe35,hannahhuangh,2026-04-14,16:40:17,-07:00,2026-04-14T16:40:17-07:00,2,39
style.css,136,css,d5dbfe35,hannahhuangh,2026-04-14,16:40:17,-07:00,2026-04-14T16:40:17-07:00,2,17
style.css,137,css,d5dbfe35,hannahhuangh,2026-04-14,16:40:17,-07:00,2026-04-14T16:40:17-07:00,1,0
style.css,138,css,d5dbfe35,hannahhuangh,2026-04-14,16:40:17,-07:00,2026-04-14T16:40:17-07:00,1,32
style.css,139,css,ab248638,hannahhuangh,2026-04-07,07:51:00,-07:00,2026-04-07T07:51:00-07:00,1,20
style.css,140,css,ab248638,hannahhuangh,2026-04-07,07:51:00,-07:00,2026-04-07T07:51:00-07:00,0,0
style.css,141,css,ab248638,hannahhuangh,2026-04-07,07:51:00,-07:00,2026-04-07T07:51:00-07:00,0,0
style.css,142,css,ab248638,hannahhuangh,2026-04-07,07:51:00,-07:00,2026-04-07T07:51:00-07:00,0,0
style.css,143,css,d5dbfe35,hannahhuangh,2026-04-14,16:40:17,-07:00,2026-04-14T16:40:17-07:00,0,16
style.css,144,css,d5dbfe35,hannahhuangh,2026-04-14,16:40:17,-07:00,2026-04-14T16:40:17-07:00,0,13
style.css,145,css,d5dbfe35,hannahhuangh,2026-04-14,16:40:17,-07:00,2026-04-14T16:40:17-07:00,1,17
style.css,146,css,d5dbfe35,hannahhuangh,2026-04-14,16:40:17,-07:00,2026-04-14T16:40:17-07:00,1,8
style.css,147,css,d5dbfe35,hannahhuangh,2026-04-14,16:40:17,-07:00,2026-04-14T16:40:17-07:00,1,10
style.css,148,css,d5dbfe35,hannahhuangh,2026-04-14,16:40:17,-07:00,2026-04-14T16:40:17-07:00,1,13
style.css,149,css,d5dbfe35,hannahhuangh,2026-04-14,16:40:17,-07:00,2026-04-14T16:40:17-07:00,0,0
style.css,150,css,d5dbfe35,hannahhuangh,2026-04-14,16:40:17,-07:00,2026-04-14T16:40:17-07:00,0,0
style.css,151,css,d5dbfe35,hannahhuangh,2026-04-14,16:40:17,-07:00,2026-04-14T16:40:17-07:00,0,20
style.css,152,css,d5dbfe35,hannahhuangh,2026-04-14,16:40:17,-07:00,2026-04-14T16:40:17-07:00,1,12
style.css,153,css,d5dbfe35,hannahhuangh,2026-04-14,16:40:17,-07:00,2026-04-14T16:40:17-07:00,0,0
style.css,154,css,d5dbfe35,hannahhuangh,2026-04-14,16:40:17,-07:00,2026-04-14T16:40:17-07:00,0,0
style.css,155,css,d5dbfe35,hannahhuangh,2026-04-14,16:40:17,-07:00,2026-04-14T16:40:17-07:00,0,0
style.css,156,css,d5dbfe35,hannahhuangh,2026-04-14,16:40:17,-07:00,2026-04-14T16:40:17-07:00,0,12
style.css,157,css,d5dbfe35,hannahhuangh,2026-04-14,16:40:17,-07:00,2026-04-14T16:40:17-07:00,0,5
style.css,158,css,d5dbfe35,hannahhuangh,2026-04-14,16:40:17,-07:00,2026-04-14T16:40:17-07:00,1,12
style.css,159,css,d5dbfe35,hannahhuangh,2026-04-14,16:40:17,-07:00,2026-04-14T16:40:17-07:00,1,21
style.css,160,css,d5dbfe35,hannahhuangh,2026-04-14,16:40:17,-07:00,2026-04-14T16:40:17-07:00,1,18
style.css,161,css,d5dbfe35,hannahhuangh,2026-04-14,16:40:17,-07:00,2026-04-14T16:40:17-07:00,1,17
style.css,162,css,d5dbfe35,hannahhuangh,2026-04-14,16:40:17,-07:00,2026-04-14T16:40:17-07:00,0,0
style.css,163,css,d5dbfe35,hannahhuangh,2026-04-14,16:40:17,-07:00,2026-04-14T16:40:17-07:00,0,0
style.css,164,css,d5dbfe35,hannahhuangh,2026-04-14,16:40:17,-07:00,2026-04-14T16:40:17-07:00,0,7
style.css,165,css,d5dbfe35,hannahhuangh,2026-04-14,16:40:17,-07:00,2026-04-14T16:40:17-07:00,1,14
style.css,166,css,d5dbfe35,hannahhuangh,2026-04-14,16:40:17,-07:00,2026-04-14T16:40:17-07:00,0,0
style.css,167,css,d5dbfe35,hannahhuangh,2026-04-14,16:40:17,-07:00,2026-04-14T16:40:17-07:00,0,0
style.css,168,css,d5dbfe35,hannahhuangh,2026-04-14,16:40:17,-07:00,2026-04-14T16:40:17-07:00,0,9
style.css,169,css,d5dbfe35,hannahhuangh,2026-04-14,16:40:17,-07:00,2026-04-14T16:40:17-07:00,1,15
style.css,170,css,d5dbfe35,hannahhuangh,2026-04-14,16:40:17,-07:00,2026-04-14T16:40:17-07:00,0,0
style.css,171,css,d5dbfe35,hannahhuangh,2026-04-14,16:40:17,-07:00,2026-04-14T16:40:17-07:00,0,0
style.css,172,css,d5dbfe35,hannahhuangh,2026-04-14,16:40:17,-07:00,2026-04-14T16:40:17-07:00,0,0
style.css,173,css,d5dbfe35,hannahhuangh,2026-04-14,16:40:17,-07:00,2026-04-14T16:40:17-07:00,0,11
style.css,174,css,ab248638,hannahhuangh,2026-04-07,07:51:00,-07:00,2026-04-07T07:51:00-07:00,0,4
style.css,175,css,ab248638,hannahhuangh,2026-04-07,07:51:00,-07:00,2026-04-07T07:51:00-07:00,1,12
style.css,176,css,ab248638,hannahhuangh,2026-04-07,07:51:00,-07:00,2026-04-07T07:51:00-07:00,1,30
style.css,177,css,ab248638,hannahhuangh,2026-04-07,07:51:00,-07:00,2026-04-07T07:51:00-07:00,1,7
style.css,178,css,ab248638,hannahhuangh,2026-04-07,07:51:00,-07:00,2026-04-07T07:51:00-07:00,0,0
style.css,179,css,ab248638,hannahhuangh,2026-04-07,07:51:00,-07:00,2026-04-07T07:51:00-07:00,0,0
style.css,180,css,ab248638,hannahhuangh,2026-04-07,07:51:00,-07:00,2026-04-07T07:51:00-07:00,0,10
style.css,181,css,ab248638,hannahhuangh,2026-04-07,07:51:00,-07:00,2026-04-07T07:51:00-07:00,1,12
style.css,182,css,ab248638,hannahhuangh,2026-04-07,07:51:00,-07:00,2026-04-07T07:51:00-07:00,1,29
style.css,183,css,ab248638,hannahhuangh,2026-04-07,07:51:00,-07:00,2026-04-07T07:51:00-07:00,1,18
style.css,184,css,ab248638,hannahhuangh,2026-04-07,07:51:00,-07:00,2026-04-07T07:51:00-07:00,0,0
style.css,185,css,ab248638,hannahhuangh,2026-04-07,07:51:00,-07:00,2026-04-07T07:51:00-07:00,0,0
style.css,186,css,ab248638,hannahhuangh,2026-04-07,07:51:00,-07:00,2026-04-07T07:51:00-07:00,0,9
style.css,187,css,ab248638,hannahhuangh,2026-04-07,07:51:00,-07:00,2026-04-07T07:51:00-07:00,0,12
style.css,188,css,d5dbfe35,hannahhuangh,2026-04-14,16:40:17,-07:00,2026-04-14T16:40:17-07:00,0,10
style.css,189,css,d5dbfe35,hannahhuangh,2026-04-14,16:40:17,-07:00,2026-04-14T16:40:17-07:00,0,11
style.css,190,css,ab248638,hannahhuangh,2026-04-07,07:51:00,-07:00,2026-04-07T07:51:00-07:00,1,12
style.css,191,css,ab248638,hannahhuangh,2026-04-07,07:51:00,-07:00,2026-04-07T07:51:00-07:00,0,0
style.css,192,css,ab248638,hannahhuangh,2026-04-07,07:51:00,-07:00,2026-04-07T07:51:00-07:00,0,0
style.css,193,css,ab248638,hannahhuangh,2026-04-07,07:51:00,-07:00,2026-04-07T07:51:00-07:00,0,9
style.css,194,css,ab248638,hannahhuangh,2026-04-07,07:51:00,-07:00,2026-04-07T07:51:00-07:00,0,13
style.css,195,css,ab248638,hannahhuangh,2026-04-07,07:51:00,-07:00,2026-04-07T07:51:00-07:00,1,10
style.css,196,css,ab248638,hannahhuangh,2026-04-07,07:51:00,-07:00,2026-04-07T07:51:00-07:00,1,21
style.css,197,css,ab248638,hannahhuangh,2026-04-07,07:51:00,-07:00,2026-04-07T07:51:00-07:00,0,0
style.css,198,css,ab248638,hannahhuangh,2026-04-07,07:51:00,-07:00,2026-04-07T07:51:00-07:00,0,0
style.css,199,css,ab248638,hannahhuangh,2026-04-07,07:51:00,-07:00,2026-04-07T07:51:00-07:00,0,11
style.css,200,css,ab248638,hannahhuangh,2026-04-07,07:51:00,-07:00,2026-04-07T07:51:00-07:00,1,18
style.css,201,css,ab248638,hannahhuangh,2026-04-07,07:51:00,-07:00,2026-04-07T07:51:00-07:00,0,0
style.css,202,css,ab248638,hannahhuangh,2026-04-07,07:51:00,-07:00,2026-04-07T07:51:00-07:00,0,0
style.css,203,css,ab248638,hannahhuangh,2026-04-07,07:51:00,-07:00,2026-04-07T07:51:00-07:00,0,0
style.css,204,css,d5dbfe35,hannahhuangh,2026-04-14,16:40:17,-07:00,2026-04-14T16:40:17-07:00,0,12
style.css,205,css,ab248638,hannahhuangh,2026-04-07,07:51:00,-07:00,2026-04-07T07:51:00-07:00,0,9
style.css,206,css,ab248638,hannahhuangh,2026-04-07,07:51:00,-07:00,2026-04-07T07:51:00-07:00,1,12
style.css,207,css,ab248638,hannahhuangh,2026-04-07,07:51:00,-07:00,2026-04-07T07:51:00-07:00,1,58
style.css,208,css,ab248638,hannahhuangh,2026-04-07,07:51:00,-07:00,2026-04-07T07:51:00-07:00,1,7
style.css,209,css,ab248638,hannahhuangh,2026-04-07,07:51:00,-07:00,2026-04-07T07:51:00-07:00,0,0
style.css,210,css,ab248638,hannahhuangh,2026-04-07,07:51:00,-07:00,2026-04-07T07:51:00-07:00,0,0
style.css,211,css,ab248638,hannahhuangh,2026-04-07,07:51:00,-07:00,2026-04-07T07:51:00-07:00,0,17
style.css,212,css,ab248638,hannahhuangh,2026-04-07,07:51:00,-07:00,2026-04-07T07:51:00-07:00,1,12
style.css,213,css,ab248638,hannahhuangh,2026-04-07,07:51:00,-07:00,2026-04-07T07:51:00-07:00,1,26
style.css,214,css,40f41553,hannahhuangh,2026-04-28,18:36:24,-07:00,2026-04-28T18:36:24-07:00,1,15
style.css,215,css,ab248638,hannahhuangh,2026-04-07,07:51:00,-07:00,2026-04-07T07:51:00-07:00,1,7
style.css,216,css,ab248638,hannahhuangh,2026-04-07,07:51:00,-07:00,2026-04-07T07:51:00-07:00,0,0
style.css,217,css,ab248638,hannahhuangh,2026-04-07,07:51:00,-07:00,2026-04-07T07:51:00-07:00,0,0
style.css,218,css,40f41553,hannahhuangh,2026-04-28,18:36:24,-07:00,2026-04-28T18:36:24-07:00,0,13
style.css,219,css,40f41553,hannahhuangh,2026-04-28,18:36:24,-07:00,2026-04-28T18:36:24-07:00,1,8
style.css,220,css,40f41553,hannahhuangh,2026-04-28,18:36:24,-07:00,2026-04-28T18:36:24-07:00,1,23
style.css,221,css,40f41553,hannahhuangh,2026-04-28,18:36:24,-07:00,2026-04-28T18:36:24-07:00,1,39
style.css,222,css,40f41553,hannahhuangh,2026-04-28,18:36:24,-07:00,2026-04-28T18:36:24-07:00,1,34
style.css,223,css,40f41553,hannahhuangh,2026-04-28,18:36:24,-07:00,2026-04-28T18:36:24-07:00,1,17
style.css,224,css,40f41553,hannahhuangh,2026-04-28,18:36:24,-07:00,2026-04-28T18:36:24-07:00,0,0
style.css,225,css,40f41553,hannahhuangh,2026-04-28,18:36:24,-07:00,2026-04-28T18:36:24-07:00,0,0
style.css,226,css,ab248638,hannahhuangh,2026-04-07,07:51:00,-07:00,2026-04-07T07:51:00-07:00,0,12
style.css,227,css,ab248638,hannahhuangh,2026-04-07,07:51:00,-07:00,2026-04-07T07:51:00-07:00,1,8
style.css,228,css,ab248638,hannahhuangh,2026-04-07,07:51:00,-07:00,2026-04-07T07:51:00-07:00,0,0
style.css,229,css,ab248638,hannahhuangh,2026-04-07,07:51:00,-07:00,2026-04-07T07:51:00-07:00,0,0
style.css,230,css,ab248638,hannahhuangh,2026-04-07,07:51:00,-07:00,2026-04-07T07:51:00-07:00,0,14
style.css,231,css,ab248638,hannahhuangh,2026-04-07,07:51:00,-07:00,2026-04-07T07:51:00-07:00,1,13
style.css,232,css,ab248638,hannahhuangh,2026-04-07,07:51:00,-07:00,2026-04-07T07:51:00-07:00,1,20
style.css,233,css,ab248638,hannahhuangh,2026-04-07,07:51:00,-07:00,2026-04-07T07:51:00-07:00,0,0
style.css,234,css,ab248638,hannahhuangh,2026-04-07,07:51:00,-07:00,2026-04-07T07:51:00-07:00,0,0
style.css,235,css,ab248638,hannahhuangh,2026-04-07,07:51:00,-07:00,2026-04-07T07:51:00-07:00,0,20
style.css,236,css,ab248638,hannahhuangh,2026-04-07,07:51:00,-07:00,2026-04-07T07:51:00-07:00,1,25
style.css,237,css,ab248638,hannahhuangh,2026-04-07,07:51:00,-07:00,2026-04-07T07:51:00-07:00,1,25
style.css,238,css,ab248638,hannahhuangh,2026-04-07,07:51:00,-07:00,2026-04-07T07:51:00-07:00,0,0
style.css,239,css,ab248638,hannahhuangh,2026-04-07,07:51:00,-07:00,2026-04-07T07:51:00-07:00,0,0
style.css,240,css,ab248638,hannahhuangh,2026-04-07,07:51:00,-07:00,2026-04-07T07:51:00-07:00,0,13
style.css,241,css,ab248638,hannahhuangh,2026-04-07,07:51:00,-07:00,2026-04-07T07:51:00-07:00,1,10
style.css,242,css,ab248638,hannahhuangh,2026-04-07,07:51:00,-07:00,2026-04-07T07:51:00-07:00,1,12
style.css,243,css,ab248638,hannahhuangh,2026-04-07,07:51:00,-07:00,2026-04-07T07:51:00-07:00,1,16
style.css,244,css,ab248638,hannahhuangh,2026-04-07,07:51:00,-07:00,2026-04-07T07:51:00-07:00,0,0
style.css,245,css,ab248638,hannahhuangh,2026-04-07,07:51:00,-07:00,2026-04-07T07:51:00-07:00,0,0
style.css,246,css,40f41553,hannahhuangh,2026-04-28,18:36:24,-07:00,2026-04-28T18:36:24-07:00,0,18
style.css,247,css,40f41553,hannahhuangh,2026-04-28,18:36:24,-07:00,2026-04-28T18:36:24-07:00,1,14
style.css,248,css,40f41553,hannahhuangh,2026-04-28,18:36:24,-07:00,2026-04-28T18:36:24-07:00,1,16
style.css,249,css,40f41553,hannahhuangh,2026-04-28,18:36:24,-07:00,2026-04-28T18:36:24-07:00,1,16
style.css,250,css,40f41553,hannahhuangh,2026-04-28,18:36:24,-07:00,2026-04-28T18:36:24-07:00,0,0
style.css,251,css,40f41553,hannahhuangh,2026-04-28,18:36:24,-07:00,2026-04-28T18:36:24-07:00,0,0
style.css,252,css,40f41553,hannahhuangh,2026-04-28,18:36:24,-07:00,2026-04-28T18:36:24-07:00,0,16
style.css,253,css,40f41553,hannahhuangh,2026-04-28,18:36:24,-07:00,2026-04-28T18:36:24-07:00,1,12
style.css,254,css,40f41553,hannahhuangh,2026-04-28,18:36:24,-07:00,2026-04-28T18:36:24-07:00,1,18
style.css,255,css,40f41553,hannahhuangh,2026-04-28,18:36:24,-07:00,2026-04-28T18:36:24-07:00,1,8
style.css,256,css,40f41553,hannahhuangh,2026-04-28,18:36:24,-07:00,2026-04-28T18:36:24-07:00,1,14
style.css,257,css,40f41553,hannahhuangh,2026-04-28,18:36:24,-07:00,2026-04-28T18:36:24-07:00,0,0
style.css,258,css,40f41553,hannahhuangh,2026-04-28,18:36:24,-07:00,2026-04-28T18:36:24-07:00,0,0
style.css,259,css,40f41553,hannahhuangh,2026-04-28,18:36:24,-07:00,2026-04-28T18:36:24-07:00,0,7
style.css,260,css,40f41553,hannahhuangh,2026-04-28,18:36:24,-07:00,2026-04-28T18:36:24-07:00,1,6
style.css,261,css,40f41553,hannahhuangh,2026-04-28,18:36:24,-07:00,2026-04-28T18:36:24-07:00,1,12
style.css,262,css,40f41553,hannahhuangh,2026-04-28,18:36:24,-07:00,2026-04-28T18:36:24-07:00,1,57
style.css,263,css,40f41553,hannahhuangh,2026-04-28,18:36:24,-07:00,2026-04-28T18:36:24-07:00,1,16
style.css,264,css,40f41553,hannahhuangh,2026-04-28,18:36:24,-07:00,2026-04-28T18:36:24-07:00,1,12
style.css,265,css,40f41553,hannahhuangh,2026-04-28,18:36:24,-07:00,2026-04-28T18:36:24-07:00,1,8
style.css,266,css,40f41553,hannahhuangh,2026-04-28,18:36:24,-07:00,2026-04-28T18:36:24-07:00,1,36
style.css,267,css,40f41553,hannahhuangh,2026-04-28,18:36:24,-07:00,2026-04-28T18:36:24-07:00,1,15
style.css,268,css,40f41553,hannahhuangh,2026-04-28,18:36:24,-07:00,2026-04-28T18:36:24-07:00,0,0
style.css,269,css,40f41553,hannahhuangh,2026-04-28,18:36:24,-07:00,2026-04-28T18:36:24-07:00,0,0
style.css,270,css,40f41553,hannahhuangh,2026-04-28,18:36:24,-07:00,2026-04-28T18:36:24-07:00,0,10
style.css,271,css,40f41553,hannahhuangh,2026-04-28,18:36:24,-07:00,2026-04-28T18:36:24-07:00,1,12
style.css,272,css,40f41553,hannahhuangh,2026-04-28,18:36:24,-07:00,2026-04-28T18:36:24-07:00,1,18
style.css,273,css,40f41553,hannahhuangh,2026-04-28,18:36:24,-07:00,2026-04-28T18:36:24-07:00,1,10
style.css,274,css,40f41553,hannahhuangh,2026-04-28,18:36:24,-07:00,2026-04-28T18:36:24-07:00,0,0
style.css,275,css,40f41553,hannahhuangh,2026-04-28,18:36:24,-07:00,2026-04-28T18:36:24-07:00,0,0
style.css,276,css,40f41553,hannahhuangh,2026-04-28,18:36:24,-07:00,2026-04-28T18:36:24-07:00,0,7
style.css,277,css,40f41553,hannahhuangh,2026-04-28,18:36:24,-07:00,2026-04-28T18:36:24-07:00,1,20
style.css,278,css,40f41553,hannahhuangh,2026-04-28,18:36:24,-07:00,2026-04-28T18:36:24-07:00,1,9
style.css,279,css,40f41553,hannahhuangh,2026-04-28,18:36:24,-07:00,2026-04-28T18:36:24-07:00,1,10
style.css,280,css,40f41553,hannahhuangh,2026-04-28,18:36:24,-07:00,2026-04-28T18:36:24-07:00,1,18
style.css,281,css,40f41553,hannahhuangh,2026-04-28,18:36:24,-07:00,2026-04-28T18:36:24-07:00,1,29
style.css,282,css,40f41553,hannahhuangh,2026-04-28,18:36:24,-07:00,2026-04-28T18:36:24-07:00,1,17
style.css,283,css,40f41553,hannahhuangh,2026-04-28,18:36:24,-07:00,2026-04-28T18:36:24-07:00,0,0
style.css,284,css,40f41553,hannahhuangh,2026-04-28,18:36:24,-07:00,2026-04-28T18:36:24-07:00,0,0
style.css,285,css,40f41553,hannahhuangh,2026-04-28,18:36:24,-07:00,2026-04-28T18:36:24-07:00,0,36
style.css,286,css,40f41553,hannahhuangh,2026-04-28,18:36:24,-07:00,2026-04-28T18:36:24-07:00,1,11
style.css,287,css,40f41553,hannahhuangh,2026-04-28,18:36:24,-07:00,2026-04-28T18:36:24-07:00,0,0
style.css,288,css,40f41553,hannahhuangh,2026-04-28,18:36:24,-07:00,2026-04-28T18:36:24-07:00,0,0
style.css,289,css,40f41553,hannahhuangh,2026-04-28,18:36:24,-07:00,2026-04-28T18:36:24-07:00,0,4
style.css,290,css,40f41553,hannahhuangh,2026-04-28,18:36:24,-07:00,2026-04-28T18:36:24-07:00,1,16
style.css,291,css,40f41553,hannahhuangh,2026-04-28,18:36:24,-07:00,2026-04-28T18:36:24-07:00,1,14
style.css,292,css,40f41553,hannahhuangh,2026-04-28,18:36:24,-07:00,2026-04-28T18:36:24-07:00,0,0
style.css,293,css,40f41553,hannahhuangh,2026-04-28,18:36:24,-07:00,2026-04-28T18:36:24-07:00,0,0
style.css,294,css,40f41553,hannahhuangh,2026-04-28,18:36:24,-07:00,2026-04-28T18:36:24-07:00,0,9
style.css,295,css,40f41553,hannahhuangh,2026-04-28,18:36:24,-07:00,2026-04-28T18:36:24-07:00,1,35
style.css,296,css,40f41553,hannahhuangh,2026-04-28,18:36:24,-07:00,2026-04-28T18:36:24-07:00,0,0
style.css,297,css,40f41553,hannahhuangh,2026-04-28,18:36:24,-07:00,2026-04-28T18:36:24-07:00,0,0
style.css,298,css,40f41553,hannahhuangh,2026-04-28,18:36:24,-07:00,2026-04-28T18:36:24-07:00,0,42
style.css,299,css,40f41553,hannahhuangh,2026-04-28,18:36:24,-07:00,2026-04-28T18:36:24-07:00,1,11
style.css,300,css,40f41553,hannahhuangh,2026-04-28,18:36:24,-07:00,2026-04-28T18:36:24-07:00,0,0
style.css,301,css,40f41553,hannahhuangh,2026-04-28,18:36:24,-07:00,2026-04-28T18:36:24-07:00,0,0
style.css,302,css,40f41553,hannahhuangh,2026-04-28,18:36:24,-07:00,2026-04-28T18:36:24-07:00,0,19
style.css,303,css,40f41553,hannahhuangh,2026-04-28,18:36:24,-07:00,2026-04-28T18:36:24-07:00,1,16
style.css,304,css,40f41553,hannahhuangh,2026-04-28,18:36:24,-07:00,2026-04-28T18:36:24-07:00,0,0
style.css,305,css,ab248638,hannahhuangh,2026-04-07,07:51:00,-07:00,2026-04-07T07:51:00-07:00,0,0
style.css,306,css,28033075,hannahhuangh,2026-04-28,18:49:29,-07:00,2026-04-28T18:49:29-07:00,0,10
style.css,307,css,28033075,hannahhuangh,2026-04-28,18:49:29,-07:00,2026-04-28T18:49:29-07:00,1,10
style.css,308,css,28033075,hannahhuangh,2026-04-28,18:49:29,-07:00,2026-04-28T18:49:29-07:00,1,15
style.css,309,css,28033075,hannahhuangh,2026-04-28,18:49:29,-07:00,2026-04-28T18:49:29-07:00,1,21
style.css,310,css,28033075,hannahhuangh,2026-04-28,18:49:29,-07:00,2026-04-28T18:49:29-07:00,1,15
style.css,311,css,28033075,hannahhuangh,2026-04-28,18:49:29,-07:00,2026-04-28T18:49:29-07:00,1,12
style.css,312,css,5af14258,hannahhuangh,2026-04-28,18:52:57,-07:00,2026-04-28T18:52:57-07:00,1,16
style.css,313,css,28033075,hannahhuangh,2026-04-28,18:49:29,-07:00,2026-04-28T18:49:29-07:00,1,36
style.css,314,css,5af14258,hannahhuangh,2026-04-28,18:52:57,-07:00,2026-04-28T18:52:57-07:00,1,20
style.css,315,css,28033075,hannahhuangh,2026-04-28,18:49:29,-07:00,2026-04-28T18:49:29-07:00,0,0
style.css,316,css,28033075,hannahhuangh,2026-04-28,18:49:29,-07:00,2026-04-28T18:49:29-07:00,0,0
style.css,317,css,d5dbfe35,hannahhuangh,2026-04-14,16:40:17,-07:00,2026-04-14T16:40:17-07:00,0,10
style.css,318,css,d5dbfe35,hannahhuangh,2026-04-14,16:40:17,-07:00,2026-04-14T16:40:17-07:00,0,26
style.css,319,css,d5dbfe35,hannahhuangh,2026-04-14,16:40:17,-07:00,2026-04-14T16:40:17-07:00,1,17
style.css,320,css,d5dbfe35,hannahhuangh,2026-04-14,16:40:17,-07:00,2026-04-14T16:40:17-07:00,1,19
style.css,321,css,d5dbfe35,hannahhuangh,2026-04-14,16:40:17,-07:00,2026-04-14T16:40:17-07:00,0,0
style.css,322,css,d5dbfe35,hannahhuangh,2026-04-14,16:40:17,-07:00,2026-04-14T16:40:17-07:00,0,0
style.css,323,css,d5dbfe35,hannahhuangh,2026-04-14,16:40:17,-07:00,2026-04-14T16:40:17-07:00,0,28
style.css,324,css,d5dbfe35,hannahhuangh,2026-04-14,16:40:17,-07:00,2026-04-14T16:40:17-07:00,1,14
style.css,325,css,d5dbfe35,hannahhuangh,2026-04-14,16:40:17,-07:00,2026-04-14T16:40:17-07:00,0,0
style.css,326,css,d5dbfe35,hannahhuangh,2026-04-14,16:40:17,-07:00,2026-04-14T16:40:17-07:00,0,0
style.css,327,css,ab248638,hannahhuangh,2026-04-07,07:51:00,-07:00,2026-04-07T07:51:00-07:00,0,15
style.css,328,css,ab248638,hannahhuangh,2026-04-07,07:51:00,-07:00,2026-04-07T07:51:00-07:00,1,17
style.css,329,css,ab248638,hannahhuangh,2026-04-07,07:51:00,-07:00,2026-04-07T07:51:00-07:00,0,0
style.css,330,css,ab248638,hannahhuangh,2026-04-07,07:51:00,-07:00,2026-04-07T07:51:00-07:00,0,0
style.css,331,css,ab248638,hannahhuangh,2026-04-07,07:51:00,-07:00,2026-04-07T07:51:00-07:00,0,17
style.css,332,css,ab248638,hannahhuangh,2026-04-07,07:51:00,-07:00,2026-04-07T07:51:00-07:00,1,13
style.css,333,css,ab248638,hannahhuangh,2026-04-07,07:51:00,-07:00,2026-04-07T07:51:00-07:00,1,20
style.css,334,css,ab248638,hannahhuangh,2026-04-07,07:51:00,-07:00,2026-04-07T07:51:00-07:00,0,0
style.css,335,css,ab248638,hannahhuangh,2026-04-07,07:51:00,-07:00,2026-04-07T07:51:00-07:00,0,0
style.css,336,css,ab248638,hannahhuangh,2026-04-07,07:51:00,-07:00,2026-04-07T07:51:00-07:00,0,23
style.css,337,css,ab248638,hannahhuangh,2026-04-07,07:51:00,-07:00,2026-04-07T07:51:00-07:00,1,25
style.css,338,css,ab248638,hannahhuangh,2026-04-07,07:51:00,-07:00,2026-04-07T07:51:00-07:00,0,0
style.css,339,css,ab248638,hannahhuangh,2026-04-07,07:51:00,-07:00,2026-04-07T07:51:00-07:00,0,0
style.css,340,css,ab248638,hannahhuangh,2026-04-07,07:51:00,-07:00,2026-04-07T07:51:00-07:00,0,7
style.css,341,css,ab248638,hannahhuangh,2026-04-07,07:51:00,-07:00,2026-04-07T07:51:00-07:00,1,17
style.css,342,css,ab248638,hannahhuangh,2026-04-07,07:51:00,-07:00,2026-04-07T07:51:00-07:00,0,0
style.css,343,css,ab248638,hannahhuangh,2026-04-07,07:51:00,-07:00,2026-04-07T07:51:00-07:00,0,0
style.css,344,css,ab248638,hannahhuangh,2026-04-07,07:51:00,-07:00,2026-04-07T07:51:00-07:00,0,10
style.css,345,css,d5dbfe35,hannahhuangh,2026-04-14,16:40:17,-07:00,2026-04-14T16:40:17-07:00,1,43
style.css,346,css,ab248638,hannahhuangh,2026-04-07,07:51:00,-07:00,2026-04-07T07:51:00-07:00,1,20
style.css,347,css,ab248638,hannahhuangh,2026-04-07,07:51:00,-07:00,2026-04-07T07:51:00-07:00,1,20
style.css,348,css,ab248638,hannahhuangh,2026-04-07,07:51:00,-07:00,2026-04-07T07:51:00-07:00,0,0
style.css,349,css,ab248638,hannahhuangh,2026-04-07,07:51:00,-07:00,2026-04-07T07:51:00-07:00,0,0
style.css,350,css,ab248638,hannahhuangh,2026-04-07,07:51:00,-07:00,2026-04-07T07:51:00-07:00,0,15
style.css,351,css,ab248638,hannahhuangh,2026-04-07,07:51:00,-07:00,2026-04-07T07:51:00-07:00,1,19
style.css,352,css,ab248638,hannahhuangh,2026-04-07,07:51:00,-07:00,2026-04-07T07:51:00-07:00,0,0
style.css,353,css,ab248638,hannahhuangh,2026-04-07,07:51:00,-07:00,2026-04-07T07:51:00-07:00,0,0
style.css,354,css,ab248638,hannahhuangh,2026-04-07,07:51:00,-07:00,2026-04-07T07:51:00-07:00,0,14
style.css,355,css,ab248638,hannahhuangh,2026-04-07,07:51:00,-07:00,2026-04-07T07:51:00-07:00,1,12
style.css,356,css,ab248638,hannahhuangh,2026-04-07,07:51:00,-07:00,2026-04-07T07:51:00-07:00,1,29
style.css,357,css,ab248638,hannahhuangh,2026-04-07,07:51:00,-07:00,2026-04-07T07:51:00-07:00,1,20
style.css,358,css,ab248638,hannahhuangh,2026-04-07,07:51:00,-07:00,2026-04-07T07:51:00-07:00,1,7
style.css,359,css,ab248638,hannahhuangh,2026-04-07,07:51:00,-07:00,2026-04-07T07:51:00-07:00,1,14
style.css,360,css,ab248638,hannahhuangh,2026-04-07,07:51:00,-07:00,2026-04-07T07:51:00-07:00,1,19
style.css,361,css,ab248638,hannahhuangh,2026-04-07,07:51:00,-07:00,2026-04-07T07:51:00-07:00,0,0
style.css,362,css,ab248638,hannahhuangh,2026-04-07,07:51:00,-07:00,2026-04-07T07:51:00-07:00,0,0
style.css,363,css,ab248638,hannahhuangh,2026-04-07,07:51:00,-07:00,2026-04-07T07:51:00-07:00,0,17
style.css,364,css,ab248638,hannahhuangh,2026-04-07,07:51:00,-07:00,2026-04-07T07:51:00-07:00,1,8
style.css,365,css,ab248638,hannahhuangh,2026-04-07,07:51:00,-07:00,2026-04-07T07:51:00-07:00,0,0
style.css,366,css,ab248638,hannahhuangh,2026-04-07,07:51:00,-07:00,2026-04-07T07:51:00-07:00,0,0
style.css,367,css,ab248638,hannahhuangh,2026-04-07,07:51:00,-07:00,2026-04-07T07:51:00-07:00,0,16
style.css,368,css,ab248638,hannahhuangh,2026-04-07,07:51:00,-07:00,2026-04-07T07:51:00-07:00,1,8
style.css,369,css,d5dbfe35,hannahhuangh,2026-04-14,16:40:17,-07:00,2026-04-14T16:40:17-07:00,1,23
style.css,370,css,ab248638,hannahhuangh,2026-04-07,07:51:00,-07:00,2026-04-07T07:51:00-07:00,0,0
style.css,371,css,ab248638,hannahhuangh,2026-04-07,07:51:00,-07:00,2026-04-07T07:51:00-07:00,0,0
style.css,372,css,ab248638,hannahhuangh,2026-04-07,07:51:00,-07:00,2026-04-07T07:51:00-07:00,0,10
style.css,373,css,ab248638,hannahhuangh,2026-04-07,07:51:00,-07:00,2026-04-07T07:51:00-07:00,1,16
style.css,374,css,ab248638,hannahhuangh,2026-04-07,07:51:00,-07:00,2026-04-07T07:51:00-07:00,1,19
style.css,375,css,ab248638,hannahhuangh,2026-04-07,07:51:00,-07:00,2026-04-07T07:51:00-07:00,0,0
style.css,376,css,ab248638,hannahhuangh,2026-04-07,07:51:00,-07:00,2026-04-07T07:51:00-07:00,0,0
style.css,377,css,ab248638,hannahhuangh,2026-04-07,07:51:00,-07:00,2026-04-07T07:51:00-07:00,0,9
style.css,378,css,ab248638,hannahhuangh,2026-04-07,07:51:00,-07:00,2026-04-07T07:51:00-07:00,1,14
style.css,379,css,d5dbfe35,hannahhuangh,2026-04-14,16:40:17,-07:00,2026-04-14T16:40:17-07:00,0,0
style.css,380,css,d5dbfe35,hannahhuangh,2026-04-14,16:40:17,-07:00,2026-04-14T16:40:17-07:00,0,0
style.css,381,css,d5dbfe35,hannahhuangh,2026-04-14,16:40:17,-07:00,2026-04-14T16:40:17-07:00,0,0
style.css,382,css,d5dbfe35,hannahhuangh,2026-04-14,16:40:17,-07:00,2026-04-14T16:40:17-07:00,0,11
style.css,383,css,d5dbfe35,hannahhuangh,2026-04-14,16:40:17,-07:00,2026-04-14T16:40:17-07:00,0,25
style.css,384,css,d5dbfe35,hannahhuangh,2026-04-14,16:40:17,-07:00,2026-04-14T16:40:17-07:00,1,2
style.css,385,css,d5dbfe35,hannahhuangh,2026-04-14,16:40:17,-07:00,2026-04-14T16:40:17-07:00,2,14
style.css,386,css,d5dbfe35,hannahhuangh,2026-04-14,16:40:17,-07:00,2026-04-14T16:40:17-07:00,1,0
style.css,387,css,d5dbfe35,hannahhuangh,2026-04-14,16:40:17,-07:00,2026-04-14T16:40:17-07:00,0,0
style.css,388,css,d5dbfe35,hannahhuangh,2026-04-14,16:40:17,-07:00,2026-04-14T16:40:17-07:00,1,3
style.css,389,css,d5dbfe35,hannahhuangh,2026-04-14,16:40:17,-07:00,2026-04-14T16:40:17-07:00,2,14
style.css,390,css,d5dbfe35,hannahhuangh,2026-04-14,16:40:17,-07:00,2026-04-14T16:40:17-07:00,1,0
style.css,391,css,d5dbfe35,hannahhuangh,2026-04-14,16:40:17,-07:00,2026-04-14T16:40:17-07:00,0,0
style.css,392,css,d5dbfe35,hannahhuangh,2026-04-14,16:40:17,-07:00,2026-04-14T16:40:17-07:00,1,5
style.css,393,css,d5dbfe35,hannahhuangh,2026-04-14,16:40:17,-07:00,2026-04-14T16:40:17-07:00,2,13
style.css,394,css,d5dbfe35,hannahhuangh,2026-04-14,16:40:17,-07:00,2026-04-14T16:40:17-07:00,1,0
style.css,395,css,d5dbfe35,hannahhuangh,2026-04-14,16:40:17,-07:00,2026-04-14T16:40:17-07:00,0,0
style.css,396,css,d5dbfe35,hannahhuangh,2026-04-14,16:40:17,-07:00,2026-04-14T16:40:17-07:00,1,13
style.css,397,css,d5dbfe35,hannahhuangh,2026-04-14,16:40:17,-07:00,2026-04-14T16:40:17-07:00,2,15
style.css,398,css,d5dbfe35,hannahhuangh,2026-04-14,16:40:17,-07:00,2026-04-14T16:40:17-07:00,2,13
style.css,399,css,d5dbfe35,hannahhuangh,2026-04-14,16:40:17,-07:00,2026-04-14T16:40:17-07:00,2,18
style.css,400,css,d5dbfe35,hannahhuangh,2026-04-14,16:40:17,-07:00,2026-04-14T16:40:17-07:00,2,16
style.css,401,css,d5dbfe35,hannahhuangh,2026-04-14,16:40:17,-07:00,2026-04-14T16:40:17-07:00,1,0
style.css,402,css,d5dbfe35,hannahhuangh,2026-04-14,16:40:17,-07:00,2026-04-14T16:40:17-07:00,0,0
style.css,403,css,d5dbfe35,hannahhuangh,2026-04-14,16:40:17,-07:00,2026-04-14T16:40:17-07:00,1,14
style.css,404,css,d5dbfe35,hannahhuangh,2026-04-14,16:40:17,-07:00,2026-04-14T16:40:17-07:00,2,21
style.css,405,css,d5dbfe35,hannahhuangh,2026-04-14,16:40:17,-07:00,2026-04-14T16:40:17-07:00,2,22
style.css,406,css,d5dbfe35,hannahhuangh,2026-04-14,16:40:17,-07:00,2026-04-14T16:40:17-07:00,1,0
style.css,407,css,ab248638,hannahhuangh,2026-04-07,07:51:00,-07:00,2026-04-07T07:51:00-07:00,0,0
index.js,1,js,f3f36085,hannahhuangh,2026-04-23,18:24:49,-07:00,2026-04-23T18:24:49-07:00,0,82
index.js,2,js,93c0d4f0,hannahhuangh,2026-04-23,18:01:17,-07:00,2026-04-23T18:01:17-07:00,0,0
index.js,3,js,f3f36085,hannahhuangh,2026-04-23,18:24:49,-07:00,2026-04-23T18:24:49-07:00,0,64
index.js,4,js,46485a3a,hannahhuangh,2026-05-04,14:40:19,-07:00,2026-05-04T14:40:19-07:00,0,34
index.js,5,js,46485a3a,hannahhuangh,2026-05-04,14:40:19,-07:00,2026-05-04T14:40:19-07:00,1,46
index.js,6,js,46485a3a,hannahhuangh,2026-05-04,14:40:19,-07:00,2026-05-04T14:40:19-07:00,1,11
index.js,7,js,46485a3a,hannahhuangh,2026-05-04,14:40:19,-07:00,2026-05-04T14:40:19-07:00,1,0
index.js,8,js,93c0d4f0,hannahhuangh,2026-04-23,18:01:17,-07:00,2026-04-23T18:01:17-07:00,0,60
index.js,9,js,93c0d4f0,hannahhuangh,2026-04-23,18:01:17,-07:00,2026-04-23T18:01:17-07:00,0,54
index.js,10,js,93c0d4f0,hannahhuangh,2026-04-23,18:01:17,-07:00,2026-04-23T18:01:17-07:00,0,0
index.js,11,js,93c0d4f0,hannahhuangh,2026-04-23,18:01:17,-07:00,2026-04-23T18:01:17-07:00,0,55
index.js,12,js,93c0d4f0,hannahhuangh,2026-04-23,18:01:17,-07:00,2026-04-23T18:01:17-07:00,0,60
index.js,13,js,93c0d4f0,hannahhuangh,2026-04-23,18:01:17,-07:00,2026-04-23T18:01:17-07:00,0,0
index.js,14,js,a0c3ee4f,hannahhuangh,2026-04-23,18:10:49,-07:00,2026-04-23T18:10:49-07:00,0,31
index.js,15,js,a0c3ee4f,hannahhuangh,2026-04-23,18:10:49,-07:00,2026-04-23T18:10:49-07:00,1,24
index.js,16,js,a0c3ee4f,hannahhuangh,2026-04-23,18:10:49,-07:00,2026-04-23T18:10:49-07:00,2,23
index.js,17,js,a0c3ee4f,hannahhuangh,2026-04-23,18:10:49,-07:00,2026-04-23T18:10:49-07:00,3,48
index.js,18,js,a0c3ee4f,hannahhuangh,2026-04-23,18:10:49,-07:00,2026-04-23T18:10:49-07:00,3,48
index.js,19,js,a0c3ee4f,hannahhuangh,2026-04-23,18:10:49,-07:00,2026-04-23T18:10:49-07:00,3,54
index.js,20,js,a0c3ee4f,hannahhuangh,2026-04-23,18:10:49,-07:00,2026-04-23T18:10:49-07:00,3,54
index.js,21,js,a0c3ee4f,hannahhuangh,2026-04-23,18:10:49,-07:00,2026-04-23T18:10:49-07:00,2,3
index.js,22,js,a0c3ee4f,hannahhuangh,2026-04-23,18:10:49,-07:00,2026-04-23T18:10:49-07:00,1,0
index.js,23,js,a0c3ee4f,hannahhuangh,2026-04-23,18:10:49,-07:00,2026-04-23T18:10:49-07:00,0,0
index.html,1,html,ebb120e0,hannahhuangh,2026-04-01,13:04:16,-05:00,2026-04-01T13:04:16-05:00,0,13
index.html,2,html,ebb120e0,hannahhuangh,2026-04-01,13:04:16,-05:00,2026-04-01T13:04:16-05:00,0,14
index.html,3,html,ebb120e0,hannahhuangh,2026-04-01,13:04:16,-05:00,2026-04-01T13:04:16-05:00,0,4
index.html,4,html,ab248638,hannahhuangh,2026-04-07,07:51:00,-07:00,2026-04-07T07:51:00-07:00,1,20
index.html,5,html,ab248638,hannahhuangh,2026-04-07,07:51:00,-07:00,2026-04-07T07:51:00-07:00,1,68
index.html,6,html,d5dbfe35,hannahhuangh,2026-04-14,16:40:17,-07:00,2026-04-14T16:40:17-07:00,1,54
index.html,7,html,ab248638,hannahhuangh,2026-04-07,07:51:00,-07:00,2026-04-07T07:51:00-07:00,1,38
index.html,8,html,d5dbfe35,hannahhuangh,2026-04-14,16:40:17,-07:00,2026-04-14T16:40:17-07:00,1,45
index.html,9,html,93c0d4f0,hannahhuangh,2026-04-23,18:01:17,-07:00,2026-04-23T18:01:17-07:00,1,44
index.html,10,html,ebb120e0,hannahhuangh,2026-04-01,13:04:16,-05:00,2026-04-01T13:04:16-05:00,0,5
index.html,11,html,ebb120e0,hannahhuangh,2026-04-01,13:04:16,-05:00,2026-04-01T13:04:16-05:00,0,4
index.html,12,html,d5dbfe35,hannahhuangh,2026-04-14,16:40:17,-07:00,2026-04-14T16:40:17-07:00,1,17
index.html,13,html,93c0d4f0,hannahhuangh,2026-04-23,18:01:17,-07:00,2026-04-23T18:01:17-07:00,2,17
index.html,14,html,93c0d4f0,hannahhuangh,2026-04-23,18:01:17,-07:00,2026-04-23T18:01:17-07:00,3,22
index.html,15,html,93c0d4f0,hannahhuangh,2026-04-23,18:01:17,-07:00,2026-04-23T18:01:17-07:00,4,19
index.html,16,html,0d61345e,hannahhuangh,2026-04-01,23:30:06,-05:00,2026-04-01T23:30:06-05:00,0,0
index.html,17,html,93c0d4f0,hannahhuangh,2026-04-23,18:01:17,-07:00,2026-04-23T18:01:17-07:00,4,1
index.html,18,html,93c0d4f0,hannahhuangh,2026-04-23,18:01:17,-07:00,2026-04-23T18:01:17-07:00,5,77
index.html,19,html,93c0d4f0,hannahhuangh,2026-04-23,18:01:17,-07:00,2026-04-23T18:01:17-07:00,5,71
index.html,20,html,93c0d4f0,hannahhuangh,2026-04-23,18:01:17,-07:00,2026-04-23T18:01:17-07:00,5,73
index.html,21,html,93c0d4f0,hannahhuangh,2026-04-23,18:01:17,-07:00,2026-04-23T18:01:17-07:00,5,80
index.html,22,html,a0c3ee4f,hannahhuangh,2026-04-23,18:10:49,-07:00,2026-04-23T18:10:49-07:00,5,75
index.html,23,html,93c0d4f0,hannahhuangh,2026-04-23,18:01:17,-07:00,2026-04-23T18:01:17-07:00,5,81
index.html,24,html,a0c3ee4f,hannahhuangh,2026-04-23,18:10:49,-07:00,2026-04-23T18:10:49-07:00,5,14
index.html,25,html,93c0d4f0,hannahhuangh,2026-04-23,18:01:17,-07:00,2026-04-23T18:01:17-07:00,4,2
index.html,26,html,a0c3ee4f,hannahhuangh,2026-04-23,18:10:49,-07:00,2026-04-23T18:10:49-07:00,0,0
index.html,27,html,93c0d4f0,hannahhuangh,2026-04-23,18:01:17,-07:00,2026-04-23T18:01:17-07:00,4,1
index.html,28,html,93c0d4f0,hannahhuangh,2026-04-23,18:01:17,-07:00,2026-04-23T18:01:17-07:00,5,76
index.html,29,html,a0c3ee4f,hannahhuangh,2026-04-23,18:10:49,-07:00,2026-04-23T18:10:49-07:00,5,76
index.html,30,html,a0c3ee4f,hannahhuangh,2026-04-23,18:10:49,-07:00,2026-04-23T18:10:49-07:00,5,70
index.html,31,html,93c0d4f0,hannahhuangh,2026-04-23,18:01:17,-07:00,2026-04-23T18:01:17-07:00,4,2
index.html,32,html,93c0d4f0,hannahhuangh,2026-04-23,18:01:17,-07:00,2026-04-23T18:01:17-07:00,3,4
index.html,33,html,0d61345e,hannahhuangh,2026-04-01,23:30:06,-05:00,2026-04-01T23:30:06-05:00,0,0
index.html,34,html,8689cdeb,hannahhuangh,2026-04-29,21:15:40,-07:00,2026-04-29T21:15:40-07:00,3,79
index.html,35,html,93c0d4f0,hannahhuangh,2026-04-23,18:01:17,-07:00,2026-04-23T18:01:17-07:00,2,4
index.html,36,html,d5dbfe35,hannahhuangh,2026-04-14,16:40:17,-07:00,2026-04-14T16:40:17-07:00,1,5
index.html,37,html,93c0d4f0,hannahhuangh,2026-04-23,18:01:17,-07:00,2026-04-23T18:01:17-07:00,0,0
index.html,38,html,93c0d4f0,hannahhuangh,2026-04-23,18:01:17,-07:00,2026-04-23T18:01:17-07:00,1,7
index.html,39,html,93c0d4f0,hannahhuangh,2026-04-23,18:01:17,-07:00,2026-04-23T18:01:17-07:00,2,27
index.html,40,html,93c0d4f0,hannahhuangh,2026-04-23,18:01:17,-07:00,2026-04-23T18:01:17-07:00,2,28
index.html,41,html,93c0d4f0,hannahhuangh,2026-04-23,18:01:17,-07:00,2026-04-23T18:01:17-07:00,1,8
index.html,42,html,93c0d4f0,hannahhuangh,2026-04-23,18:01:17,-07:00,2026-04-23T18:01:17-07:00,0,0
index.html,43,html,93c0d4f0,hannahhuangh,2026-04-23,18:01:17,-07:00,2026-04-23T18:01:17-07:00,1,7
index.html,44,html,93c0d4f0,hannahhuangh,2026-04-23,18:01:17,-07:00,2026-04-23T18:01:17-07:00,2,22
index.html,45,html,93c0d4f0,hannahhuangh,2026-04-23,18:01:17,-07:00,2026-04-23T18:01:17-07:00,2,26
index.html,46,html,93c0d4f0,hannahhuangh,2026-04-23,18:01:17,-07:00,2026-04-23T18:01:17-07:00,1,8
index.html,47,html,ebb120e0,hannahhuangh,2026-04-01,13:04:16,-05:00,2026-04-01T13:04:16-05:00,0,5
index.html,48,html,ab248638,hannahhuangh,2026-04-07,07:51:00,-07:00,2026-04-07T07:51:00-07:00,0,5
global.js,1,js,34ce29a0,hannahhuangh,2026-04-23,18:35:09,-07:00,2026-04-23T18:35:09-07:00,0,25
global.js,2,js,34ce29a0,hannahhuangh,2026-04-23,18:35:09,-07:00,2026-04-23T18:35:09-07:00,0,0
global.js,3,js,34ce29a0,hannahhuangh,2026-04-23,18:35:09,-07:00,2026-04-23T18:35:09-07:00,0,41
global.js,4,js,34ce29a0,hannahhuangh,2026-04-23,18:35:09,-07:00,2026-04-23T18:35:09-07:00,1,52
global.js,5,js,34ce29a0,hannahhuangh,2026-04-23,18:35:09,-07:00,2026-04-23T18:35:09-07:00,0,0
global.js,6,js,34ce29a0,hannahhuangh,2026-04-23,18:35:09,-07:00,2026-04-23T18:35:09-07:00,0,0
global.js,7,js,34ce29a0,hannahhuangh,2026-04-23,18:35:09,-07:00,2026-04-23T18:35:09-07:00,0,13
global.js,8,js,34ce29a0,hannahhuangh,2026-04-23,18:35:09,-07:00,2026-04-23T18:35:09-07:00,1,25
global.js,9,js,34ce29a0,hannahhuangh,2026-04-23,18:35:09,-07:00,2026-04-23T18:35:09-07:00,1,38
global.js,10,js,34ce29a0,hannahhuangh,2026-04-23,18:35:09,-07:00,2026-04-23T18:35:09-07:00,1,36
global.js,11,js,34ce29a0,hannahhuangh,2026-04-23,18:35:09,-07:00,2026-04-23T18:35:09-07:00,1,34
global.js,12,js,34ce29a0,hannahhuangh,2026-04-23,18:35:09,-07:00,2026-04-23T18:35:09-07:00,1,57
global.js,13,js,34ce29a0,hannahhuangh,2026-04-23,18:35:09,-07:00,2026-04-23T18:35:09-07:00,0,0
global.js,14,js,34ce29a0,hannahhuangh,2026-04-23,18:35:09,-07:00,2026-04-23T18:35:09-07:00,0,0
global.js,15,js,34ce29a0,hannahhuangh,2026-04-23,18:35:09,-07:00,2026-04-23T18:35:09-07:00,0,22
global.js,16,js,34ce29a0,hannahhuangh,2026-04-23,18:35:09,-07:00,2026-04-23T18:35:09-07:00,1,68
global.js,17,js,34ce29a0,hannahhuangh,2026-04-23,18:35:09,-07:00,2026-04-23T18:35:09-07:00,2,3
global.js,18,js,34ce29a0,hannahhuangh,2026-04-23,18:35:09,-07:00,2026-04-23T18:35:09-07:00,2,27
global.js,19,js,34ce29a0,hannahhuangh,2026-04-23,18:35:09,-07:00,2026-04-23T18:35:09-07:00,0,0
global.js,20,js,34ce29a0,hannahhuangh,2026-04-23,18:35:09,-07:00,2026-04-23T18:35:09-07:00,0,31
global.js,21,js,34ce29a0,hannahhuangh,2026-04-23,18:35:09,-07:00,2026-04-23T18:35:09-07:00,1,11
global.js,22,js,34ce29a0,hannahhuangh,2026-04-23,18:35:09,-07:00,2026-04-23T18:35:09-07:00,1,0
global.js,23,js,34ce29a0,hannahhuangh,2026-04-23,18:35:09,-07:00,2026-04-23T18:35:09-07:00,2,26
global.js,24,js,34ce29a0,hannahhuangh,2026-04-23,18:35:09,-07:00,2026-04-23T18:35:09-07:00,3,4
global.js,25,js,34ce29a0,hannahhuangh,2026-04-23,18:35:09,-07:00,2026-04-23T18:35:09-07:00,3,6
global.js,26,js,34ce29a0,hannahhuangh,2026-04-23,18:35:09,-07:00,2026-04-23T18:35:09-07:00,4,43
global.js,27,js,34ce29a0,hannahhuangh,2026-04-23,18:35:09,-07:00,2026-04-23T18:35:09-07:00,4,34
global.js,28,js,34ce29a0,hannahhuangh,2026-04-23,18:35:09,-07:00,2026-04-23T18:35:09-07:00,4,32
global.js,29,js,34ce29a0,hannahhuangh,2026-04-23,18:35:09,-07:00,2026-04-23T18:35:09-07:00,3,7
global.js,30,js,34ce29a0,hannahhuangh,2026-04-23,18:35:09,-07:00,2026-04-23T18:35:09-07:00,2,6
global.js,31,js,34ce29a0,hannahhuangh,2026-04-23,18:35:09,-07:00,2026-04-23T18:35:09-07:00,1,0
global.js,32,js,34ce29a0,hannahhuangh,2026-04-23,18:35:09,-07:00,2026-04-23T18:35:09-07:00,0,0
global.js,33,js,34ce29a0,hannahhuangh,2026-04-23,18:35:09,-07:00,2026-04-23T18:35:09-07:00,0,0
global.js,34,js,34ce29a0,hannahhuangh,2026-04-23,18:35:09,-07:00,2026-04-23T18:35:09-07:00,0,40
global.js,35,js,34ce29a0,hannahhuangh,2026-04-23,18:35:09,-07:00,2026-04-23T18:35:09-07:00,0,25
global.js,36,js,34ce29a0,hannahhuangh,2026-04-23,18:35:09,-07:00,2026-04-23T18:35:09-07:00,0,0
global.js,37,js,34ce29a0,hannahhuangh,2026-04-23,18:35:09,-07:00,2026-04-23T18:35:09-07:00,0,22
global.js,38,js,34ce29a0,hannahhuangh,2026-04-23,18:35:09,-07:00,2026-04-23T18:35:09-07:00,1,14
global.js,39,js,34ce29a0,hannahhuangh,2026-04-23,18:35:09,-07:00,2026-04-23T18:35:09-07:00,0,0
global.js,40,js,34ce29a0,hannahhuangh,2026-04-23,18:35:09,-07:00,2026-04-23T18:35:09-07:00,1,28
global.js,41,js,34ce29a0,hannahhuangh,2026-04-23,18:35:09,-07:00,2026-04-23T18:35:09-07:00,2,20
global.js,42,js,34ce29a0,hannahhuangh,2026-04-23,18:35:09,-07:00,2026-04-23T18:35:09-07:00,1,0
global.js,43,js,34ce29a0,hannahhuangh,2026-04-23,18:35:09,-07:00,2026-04-23T18:35:09-07:00,0,0
global.js,44,js,34ce29a0,hannahhuangh,2026-04-23,18:35:09,-07:00,2026-04-23T18:35:09-07:00,1,36
global.js,45,js,34ce29a0,hannahhuangh,2026-04-23,18:35:09,-07:00,2026-04-23T18:35:09-07:00,1,11
global.js,46,js,34ce29a0,hannahhuangh,2026-04-23,18:35:09,-07:00,2026-04-23T18:35:09-07:00,1,22
global.js,47,js,34ce29a0,hannahhuangh,2026-04-23,18:35:09,-07:00,2026-04-23T18:35:09-07:00,0,0
global.js,48,js,34ce29a0,hannahhuangh,2026-04-23,18:35:09,-07:00,2026-04-23T18:35:09-07:00,1,17
global.js,49,js,34ce29a0,hannahhuangh,2026-04-23,18:35:09,-07:00,2026-04-23T18:35:09-07:00,2,8
global.js,50,js,34ce29a0,hannahhuangh,2026-04-23,18:35:09,-07:00,2026-04-23T18:35:09-07:00,2,58
global.js,51,js,34ce29a0,hannahhuangh,2026-04-23,18:35:09,-07:00,2026-04-23T18:35:09-07:00,1,0
global.js,52,js,34ce29a0,hannahhuangh,2026-04-23,18:35:09,-07:00,2026-04-23T18:35:09-07:00,0,0
global.js,53,js,34ce29a0,hannahhuangh,2026-04-23,18:35:09,-07:00,2026-04-23T18:35:09-07:00,1,29
global.js,54,js,34ce29a0,hannahhuangh,2026-04-23,18:35:09,-07:00,2026-04-23T18:35:09-07:00,2,18
global.js,55,js,34ce29a0,hannahhuangh,2026-04-23,18:35:09,-07:00,2026-04-23T18:35:09-07:00,2,28
global.js,56,js,34ce29a0,hannahhuangh,2026-04-23,18:35:09,-07:00,2026-04-23T18:35:09-07:00,1,0
global.js,57,js,34ce29a0,hannahhuangh,2026-04-23,18:35:09,-07:00,2026-04-23T18:35:09-07:00,0,0
global.js,58,js,34ce29a0,hannahhuangh,2026-04-23,18:35:09,-07:00,2026-04-23T18:35:09-07:00,1,12
global.js,59,js,34ce29a0,hannahhuangh,2026-04-23,18:35:09,-07:00,2026-04-23T18:35:09-07:00,0,0
global.js,60,js,34ce29a0,hannahhuangh,2026-04-23,18:35:09,-07:00,2026-04-23T18:35:09-07:00,0,0
global.js,61,js,34ce29a0,hannahhuangh,2026-04-23,18:35:09,-07:00,2026-04-23T18:35:09-07:00,0,60
global.js,62,js,34ce29a0,hannahhuangh,2026-04-23,18:35:09,-07:00,2026-04-23T18:35:09-07:00,0,0
global.js,63,js,34ce29a0,hannahhuangh,2026-04-23,18:35:09,-07:00,2026-04-23T18:35:09-07:00,0,36
global.js,64,js,34ce29a0,hannahhuangh,2026-04-23,18:35:09,-07:00,2026-04-23T18:35:09-07:00,1,70
global.js,65,js,34ce29a0,hannahhuangh,2026-04-23,18:35:09,-07:00,2026-04-23T18:35:09-07:00,1,25
global.js,66,js,34ce29a0,hannahhuangh,2026-04-23,18:35:09,-07:00,2026-04-23T18:35:09-07:00,1,37
global.js,67,js,34ce29a0,hannahhuangh,2026-04-23,18:35:09,-07:00,2026-04-23T18:35:09-07:00,0,0
global.js,68,js,34ce29a0,hannahhuangh,2026-04-23,18:35:09,-07:00,2026-04-23T18:35:09-07:00,0,0
global.js,69,js,34ce29a0,hannahhuangh,2026-04-23,18:35:09,-07:00,2026-04-23T18:35:09-07:00,0,34
global.js,70,js,34ce29a0,hannahhuangh,2026-04-23,18:35:09,-07:00,2026-04-23T18:35:09-07:00,1,39
global.js,71,js,34ce29a0,hannahhuangh,2026-04-23,18:35:09,-07:00,2026-04-23T18:35:09-07:00,0,0
global.js,72,js,34ce29a0,hannahhuangh,2026-04-23,18:35:09,-07:00,2026-04-23T18:35:09-07:00,0,0
global.js,73,js,34ce29a0,hannahhuangh,2026-04-23,18:35:09,-07:00,2026-04-23T18:35:09-07:00,0,49
global.js,74,js,34ce29a0,hannahhuangh,2026-04-23,18:35:09,-07:00,2026-04-23T18:35:09-07:00,1,33
global.js,75,js,34ce29a0,hannahhuangh,2026-04-23,18:35:09,-07:00,2026-04-23T18:35:09-07:00,0,1
global.js,76,js,34ce29a0,hannahhuangh,2026-04-23,18:35:09,-07:00,2026-04-23T18:35:09-07:00,0,0
global.js,77,js,34ce29a0,hannahhuangh,2026-04-23,18:35:09,-07:00,2026-04-23T18:35:09-07:00,0,42
global.js,78,js,34ce29a0,hannahhuangh,2026-04-23,18:35:09,-07:00,2026-04-23T18:35:09-07:00,0,0
global.js,79,js,34ce29a0,hannahhuangh,2026-04-23,18:35:09,-07:00,2026-04-23T18:35:09-07:00,0,49
global.js,80,js,34ce29a0,hannahhuangh,2026-04-23,18:35:09,-07:00,2026-04-23T18:35:09-07:00,1,21
global.js,81,js,34ce29a0,hannahhuangh,2026-04-23,18:35:09,-07:00,2026-04-23T18:35:09-07:00,0,0
global.js,82,js,34ce29a0,hannahhuangh,2026-04-23,18:35:09,-07:00,2026-04-23T18:35:09-07:00,1,30
global.js,83,js,34ce29a0,hannahhuangh,2026-04-23,18:35:09,-07:00,2026-04-23T18:35:09-07:00,1,16
global.js,84,js,34ce29a0,hannahhuangh,2026-04-23,18:35:09,-07:00,2026-04-23T18:35:09-07:00,0,0
global.js,85,js,34ce29a0,hannahhuangh,2026-04-23,18:35:09,-07:00,2026-04-23T18:35:09-07:00,1,33
global.js,86,js,34ce29a0,hannahhuangh,2026-04-23,18:35:09,-07:00,2026-04-23T18:35:09-07:00,2,50
global.js,87,js,34ce29a0,hannahhuangh,2026-04-23,18:35:09,-07:00,2026-04-23T18:35:09-07:00,1,0
global.js,88,js,34ce29a0,hannahhuangh,2026-04-23,18:35:09,-07:00,2026-04-23T18:35:09-07:00,0,0
global.js,89,js,34ce29a0,hannahhuangh,2026-04-23,18:35:09,-07:00,2026-04-23T18:35:09-07:00,1,47
global.js,90,js,34ce29a0,hannahhuangh,2026-04-23,18:35:09,-07:00,2026-04-23T18:35:09-07:00,1,18
global.js,91,js,34ce29a0,hannahhuangh,2026-04-23,18:35:09,-07:00,2026-04-23T18:35:09-07:00,0,1
global.js,92,js,34ce29a0,hannahhuangh,2026-04-23,18:35:09,-07:00,2026-04-23T18:35:09-07:00,0,0
global.js,93,js,34ce29a0,hannahhuangh,2026-04-23,18:35:09,-07:00,2026-04-23T18:35:09-07:00,0,36
global.js,94,js,34ce29a0,hannahhuangh,2026-04-23,18:35:09,-07:00,2026-04-23T18:35:09-07:00,1,3
global.js,95,js,34ce29a0,hannahhuangh,2026-04-23,18:35:09,-07:00,2026-04-23T18:35:09-07:00,2,32
global.js,96,js,34ce29a0,hannahhuangh,2026-04-23,18:35:09,-07:00,2026-04-23T18:35:09-07:00,0,0
global.js,97,js,34ce29a0,hannahhuangh,2026-04-23,18:35:09,-07:00,2026-04-23T18:35:09-07:00,2,17
global.js,98,js,34ce29a0,hannahhuangh,2026-04-23,18:35:09,-07:00,2026-04-23T18:35:09-07:00,3,62
global.js,99,js,34ce29a0,hannahhuangh,2026-04-23,18:35:09,-07:00,2026-04-23T18:35:09-07:00,2,0
global.js,100,js,34ce29a0,hannahhuangh,2026-04-23,18:35:09,-07:00,2026-04-23T18:35:09-07:00,0,0
global.js,101,js,34ce29a0,hannahhuangh,2026-04-23,18:35:09,-07:00,2026-04-23T18:35:09-07:00,2,33
global.js,102,js,34ce29a0,hannahhuangh,2026-04-23,18:35:09,-07:00,2026-04-23T18:35:09-07:00,2,10
global.js,103,js,34ce29a0,hannahhuangh,2026-04-23,18:35:09,-07:00,2026-04-23T18:35:09-07:00,1,15
global.js,104,js,34ce29a0,hannahhuangh,2026-04-23,18:35:09,-07:00,2026-04-23T18:35:09-07:00,2,59
global.js,105,js,34ce29a0,hannahhuangh,2026-04-23,18:35:09,-07:00,2026-04-23T18:35:09-07:00,2,10
global.js,106,js,34ce29a0,hannahhuangh,2026-04-23,18:35:09,-07:00,2026-04-23T18:35:09-07:00,1,0
global.js,107,js,34ce29a0,hannahhuangh,2026-04-23,18:35:09,-07:00,2026-04-23T18:35:09-07:00,0,0
global.js,108,js,34ce29a0,hannahhuangh,2026-04-23,18:35:09,-07:00,2026-04-23T18:35:09-07:00,0,0
global.js,109,js,a0c3ee4f,hannahhuangh,2026-04-23,18:10:49,-07:00,2026-04-23T18:10:49-07:00,0,79
global.js,110,js,a0c3ee4f,hannahhuangh,2026-04-23,18:10:49,-07:00,2026-04-23T18:10:49-07:00,1,22
global.js,111,js,a0c3ee4f,hannahhuangh,2026-04-23,18:10:49,-07:00,2026-04-23T18:10:49-07:00,2,41
global.js,112,js,a0c3ee4f,hannahhuangh,2026-04-23,18:10:49,-07:00,2026-04-23T18:10:49-07:00,2,5
global.js,113,js,93c0d4f0,hannahhuangh,2026-04-23,18:01:17,-07:00,2026-04-23T18:01:17-07:00,1,0
global.js,114,js,93c0d4f0,hannahhuangh,2026-04-23,18:01:17,-07:00,2026-04-23T18:01:17-07:00,0,0
global.js,115,js,a0c3ee4f,hannahhuangh,2026-04-23,18:10:49,-07:00,2026-04-23T18:10:49-07:00,1,30
global.js,116,js,a0c3ee4f,hannahhuangh,2026-04-23,18:10:49,-07:00,2026-04-23T18:10:49-07:00,0,0
global.js,117,js,a0c3ee4f,hannahhuangh,2026-04-23,18:10:49,-07:00,2026-04-23T18:10:49-07:00,1,39
global.js,118,js,a0c3ee4f,hannahhuangh,2026-04-23,18:10:49,-07:00,2026-04-23T18:10:49-07:00,2,63
global.js,119,js,a0c3ee4f,hannahhuangh,2026-04-23,18:10:49,-07:00,2026-04-23T18:10:49-07:00,2,5
global.js,120,js,a0c3ee4f,hannahhuangh,2026-04-23,18:10:49,-07:00,2026-04-23T18:10:49-07:00,1,0
global.js,121,js,a0c3ee4f,hannahhuangh,2026-04-23,18:10:49,-07:00,2026-04-23T18:10:49-07:00,0,0
global.js,122,js,a0c3ee4f,hannahhuangh,2026-04-23,18:10:49,-07:00,2026-04-23T18:10:49-07:00,1,31
global.js,123,js,a0c3ee4f,hannahhuangh,2026-04-23,18:10:49,-07:00,2026-04-23T18:10:49-07:00,2,48
global.js,124,js,a0c3ee4f,hannahhuangh,2026-04-23,18:10:49,-07:00,2026-04-23T18:10:49-07:00,0,0
global.js,125,js,a0c3ee4f,hannahhuangh,2026-04-23,18:10:49,-07:00,2026-04-23T18:10:49-07:00,2,23
global.js,126,js,a0c3ee4f,hannahhuangh,2026-04-23,18:10:49,-07:00,2026-04-23T18:10:49-07:00,3,124
global.js,127,js,a0c3ee4f,hannahhuangh,2026-04-23,18:10:49,-07:00,2026-04-23T18:10:49-07:00,3,54
global.js,128,js,a0c3ee4f,hannahhuangh,2026-04-23,18:10:49,-07:00,2026-04-23T18:10:49-07:00,0,0
global.js,129,js,a0c3ee4f,hannahhuangh,2026-04-23,18:10:49,-07:00,2026-04-23T18:10:49-07:00,2,47
global.js,130,js,a0c3ee4f,hannahhuangh,2026-04-23,18:10:49,-07:00,2026-04-23T18:10:49-07:00,3,13
global.js,131,js,a0c3ee4f,hannahhuangh,2026-04-23,18:10:49,-07:00,2026-04-23T18:10:49-07:00,3,26
global.js,132,js,a0c3ee4f,hannahhuangh,2026-04-23,18:10:49,-07:00,2026-04-23T18:10:49-07:00,0,0
global.js,133,js,a0c3ee4f,hannahhuangh,2026-04-23,18:10:49,-07:00,2026-04-23T18:10:49-07:00,2,19
global.js,134,js,a0c3ee4f,hannahhuangh,2026-04-23,18:10:49,-07:00,2026-04-23T18:10:49-07:00,3,6
global.js,135,js,a0c3ee4f,hannahhuangh,2026-04-23,18:10:49,-07:00,2026-04-23T18:10:49-07:00,3,44
global.js,136,js,a0c3ee4f,hannahhuangh,2026-04-23,18:10:49,-07:00,2026-04-23T18:10:49-07:00,3,27
global.js,137,js,40f41553,hannahhuangh,2026-04-28,18:36:24,-07:00,2026-04-28T18:36:24-07:00,3,44
global.js,138,js,a0c3ee4f,hannahhuangh,2026-04-23,18:10:49,-07:00,2026-04-23T18:10:49-07:00,2,0
global.js,139,js,a0c3ee4f,hannahhuangh,2026-04-23,18:10:49,-07:00,2026-04-23T18:10:49-07:00,0,0
global.js,140,js,a0c3ee4f,hannahhuangh,2026-04-23,18:10:49,-07:00,2026-04-23T18:10:49-07:00,2,36
global.js,141,js,a0c3ee4f,hannahhuangh,2026-04-23,18:10:49,-07:00,2026-04-23T18:10:49-07:00,1,0
global.js,142,js,34ce29a0,hannahhuangh,2026-04-23,18:35:09,-07:00,2026-04-23T18:35:09-07:00,0,0
global.js,143,js,34ce29a0,hannahhuangh,2026-04-23,18:35:09,-07:00,2026-04-23T18:35:09-07:00,0,0
global.js,144,js,34ce29a0,hannahhuangh,2026-04-23,18:35:09,-07:00,2026-04-23T18:35:09-07:00,0,47
global.js,145,js,34ce29a0,hannahhuangh,2026-04-23,18:35:09,-07:00,2026-04-23T18:35:09-07:00,1,59
global.js,146,js,a0c3ee4f,hannahhuangh,2026-04-23,18:10:49,-07:00,2026-04-23T18:10:49-07:00,0,0
resume/index.html,1,html,0620757c,hannahhuangh,2026-04-01,13:41:20,-05:00,2026-04-01T13:41:20-05:00,0,13
resume/index.html,2,html,0620757c,hannahhuangh,2026-04-01,13:41:20,-05:00,2026-04-01T13:41:20-05:00,0,14
resume/index.html,3,html,0620757c,hannahhuangh,2026-04-01,13:41:20,-05:00,2026-04-01T13:41:20-05:00,0,4
resume/index.html,4,html,0620757c,hannahhuangh,2026-04-01,13:41:20,-05:00,2026-04-01T13:41:20-05:00,1,20
resume/index.html,5,html,0620757c,hannahhuangh,2026-04-01,13:41:20,-05:00,2026-04-01T13:41:20-05:00,1,68
resume/index.html,6,html,0620757c,hannahhuangh,2026-04-01,13:41:20,-05:00,2026-04-01T13:41:20-05:00,1,19
resume/index.html,7,html,0620757c,hannahhuangh,2026-04-01,13:41:20,-05:00,2026-04-01T13:41:20-05:00,1,41
resume/index.html,8,html,d5dbfe35,hannahhuangh,2026-04-14,16:40:17,-07:00,2026-04-14T16:40:17-07:00,1,48
resume/index.html,9,html,0620757c,hannahhuangh,2026-04-01,13:41:20,-05:00,2026-04-01T13:41:20-05:00,0,5
resume/index.html,10,html,d5dbfe35,hannahhuangh,2026-04-14,16:40:17,-07:00,2026-04-14T16:40:17-07:00,0,24
resume/index.html,11,html,d5dbfe35,hannahhuangh,2026-04-14,16:40:17,-07:00,2026-04-14T16:40:17-07:00,1,27
resume/index.html,12,html,d5dbfe35,hannahhuangh,2026-04-14,16:40:17,-07:00,2026-04-14T16:40:17-07:00,2,19
resume/index.html,13,html,0620757c,hannahhuangh,2026-04-01,13:41:20,-05:00,2026-04-01T13:41:20-05:00,0,0
resume/index.html,14,html,7a6bc7ae,hannahhuangh,2026-04-28,17:57:19,-07:00,2026-04-28T17:57:19-07:00,2,58
resume/index.html,15,html,d5dbfe35,hannahhuangh,2026-04-14,16:40:17,-07:00,2026-04-14T16:40:17-07:00,0,0
resume/index.html,16,html,d5dbfe35,hannahhuangh,2026-04-14,16:40:17,-07:00,2026-04-14T16:40:17-07:00,2,24
resume/index.html,17,html,d5dbfe35,hannahhuangh,2026-04-14,16:40:17,-07:00,2026-04-14T16:40:17-07:00,3,52
resume/index.html,18,html,7a6bc7ae,hannahhuangh,2026-04-28,17:57:19,-07:00,2026-04-28T17:57:19-07:00,3,43
resume/index.html,19,html,7a6bc7ae,hannahhuangh,2026-04-28,17:57:19,-07:00,2026-04-28T17:57:19-07:00,3,24
resume/index.html,20,html,7a6bc7ae,hannahhuangh,2026-04-28,17:57:19,-07:00,2026-04-28T17:57:19-07:00,3,20
resume/index.html,21,html,d5dbfe35,hannahhuangh,2026-04-14,16:40:17,-07:00,2026-04-14T16:40:17-07:00,2,2
resume/index.html,22,html,d5dbfe35,hannahhuangh,2026-04-14,16:40:17,-07:00,2026-04-14T16:40:17-07:00,1,7
resume/index.html,23,html,ab248638,hannahhuangh,2026-04-07,07:51:00,-07:00,2026-04-07T07:51:00-07:00,0,0
resume/index.html,24,html,0620757c,hannahhuangh,2026-04-01,13:41:20,-05:00,2026-04-01T13:41:20-05:00,1,7
resume/index.html,25,html,0620757c,hannahhuangh,2026-04-01,13:41:20,-05:00,2026-04-01T13:41:20-05:00,2,16
resume/index.html,26,html,0620757c,hannahhuangh,2026-04-01,13:41:20,-05:00,2026-04-01T13:41:20-05:00,2,7
resume/index.html,27,html,0620757c,hannahhuangh,2026-04-01,13:41:20,-05:00,2026-04-01T13:41:20-05:00,3,6
resume/index.html,28,html,0620757c,hannahhuangh,2026-04-01,13:41:20,-05:00,2026-04-01T13:41:20-05:00,4,42
resume/index.html,29,html,0620757c,hannahhuangh,2026-04-01,13:41:20,-05:00,2026-04-01T13:41:20-05:00,4,90
resume/index.html,30,html,0620757c,hannahhuangh,2026-04-01,13:41:20,-05:00,2026-04-01T13:41:20-05:00,3,7
resume/index.html,31,html,7a6bc7ae,hannahhuangh,2026-04-28,17:57:19,-07:00,2026-04-28T17:57:19-07:00,3,32
resume/index.html,32,html,7a6bc7ae,hannahhuangh,2026-04-28,17:57:19,-07:00,2026-04-28T17:57:19-07:00,3,280
resume/index.html,33,html,7a6bc7ae,hannahhuangh,2026-04-28,17:57:19,-07:00,2026-04-28T17:57:19-07:00,3,95
resume/index.html,34,html,7a6bc7ae,hannahhuangh,2026-04-28,17:57:19,-07:00,2026-04-28T17:57:19-07:00,3,153
resume/index.html,35,html,0620757c,hannahhuangh,2026-04-01,13:41:20,-05:00,2026-04-01T13:41:20-05:00,2,8
resume/index.html,36,html,0620757c,hannahhuangh,2026-04-01,13:41:20,-05:00,2026-04-01T13:41:20-05:00,1,8
resume/index.html,37,html,0620757c,hannahhuangh,2026-04-01,13:41:20,-05:00,2026-04-01T13:41:20-05:00,0,0
resume/index.html,38,html,0620757c,hannahhuangh,2026-04-01,13:41:20,-05:00,2026-04-01T13:41:20-05:00,1,7
resume/index.html,39,html,0620757c,hannahhuangh,2026-04-01,13:41:20,-05:00,2026-04-01T13:41:20-05:00,2,17
resume/index.html,40,html,ab248638,hannahhuangh,2026-04-07,07:51:00,-07:00,2026-04-07T07:51:00-07:00,0,0
resume/index.html,41,html,0620757c,hannahhuangh,2026-04-01,13:41:20,-05:00,2026-04-01T13:41:20-05:00,2,7
resume/index.html,42,html,0620757c,hannahhuangh,2026-04-01,13:41:20,-05:00,2026-04-01T13:41:20-05:00,3,6
resume/index.html,43,html,7a6bc7ae,hannahhuangh,2026-04-28,17:57:19,-07:00,2026-04-28T17:57:19-07:00,4,55
resume/index.html,44,html,0620757c,hannahhuangh,2026-04-01,13:41:20,-05:00,2026-04-01T13:41:20-05:00,4,90
resume/index.html,45,html,0620757c,hannahhuangh,2026-04-01,13:41:20,-05:00,2026-04-01T13:41:20-05:00,3,7
resume/index.html,46,html,0620757c,hannahhuangh,2026-04-01,13:41:20,-05:00,2026-04-01T13:41:20-05:00,3,2
resume/index.html,47,html,7a6bc7ae,hannahhuangh,2026-04-28,17:57:19,-07:00,2026-04-28T17:57:19-07:00,4,161
resume/index.html,48,html,7a6bc7ae,hannahhuangh,2026-04-28,17:57:19,-07:00,2026-04-28T17:57:19-07:00,4,124
resume/index.html,49,html,7a6bc7ae,hannahhuangh,2026-04-28,17:57:19,-07:00,2026-04-28T17:57:19-07:00,4,119
resume/index.html,50,html,7a6bc7ae,hannahhuangh,2026-04-28,17:57:19,-07:00,2026-04-28T17:57:19-07:00,4,125
resume/index.html,51,html,0620757c,hannahhuangh,2026-04-01,13:41:20,-05:00,2026-04-01T13:41:20-05:00,3,3
resume/index.html,52,html,0620757c,hannahhuangh,2026-04-01,13:41:20,-05:00,2026-04-01T13:41:20-05:00,2,8
resume/index.html,53,html,0620757c,hannahhuangh,2026-04-01,13:41:20,-05:00,2026-04-01T13:41:20-05:00,0,0
resume/index.html,54,html,0620757c,hannahhuangh,2026-04-01,13:41:20,-05:00,2026-04-01T13:41:20-05:00,2,7
resume/index.html,55,html,0620757c,hannahhuangh,2026-04-01,13:41:20,-05:00,2026-04-01T13:41:20-05:00,3,6
resume/index.html,56,html,7a6bc7ae,hannahhuangh,2026-04-28,17:57:19,-07:00,2026-04-28T17:57:19-07:00,4,64
resume/index.html,57,html,7a6bc7ae,hannahhuangh,2026-04-28,17:57:19,-07:00,2026-04-28T17:57:19-07:00,4,57
resume/index.html,58,html,0620757c,hannahhuangh,2026-04-01,13:41:20,-05:00,2026-04-01T13:41:20-05:00,3,7
resume/index.html,59,html,0620757c,hannahhuangh,2026-04-01,13:41:20,-05:00,2026-04-01T13:41:20-05:00,3,2
resume/index.html,60,html,7a6bc7ae,hannahhuangh,2026-04-28,17:57:19,-07:00,2026-04-28T17:57:19-07:00,4,128
resume/index.html,61,html,7a6bc7ae,hannahhuangh,2026-04-28,17:57:19,-07:00,2026-04-28T17:57:19-07:00,4,154
resume/index.html,62,html,7a6bc7ae,hannahhuangh,2026-04-28,17:57:19,-07:00,2026-04-28T17:57:19-07:00,4,149
resume/index.html,63,html,0620757c,hannahhuangh,2026-04-01,13:41:20,-05:00,2026-04-01T13:41:20-05:00,3,3
resume/index.html,64,html,0620757c,hannahhuangh,2026-04-01,13:41:20,-05:00,2026-04-01T13:41:20-05:00,2,8
resume/index.html,65,html,0620757c,hannahhuangh,2026-04-01,13:41:20,-05:00,2026-04-01T13:41:20-05:00,0,0
resume/index.html,66,html,0620757c,hannahhuangh,2026-04-01,13:41:20,-05:00,2026-04-01T13:41:20-05:00,2,7
resume/index.html,67,html,0620757c,hannahhuangh,2026-04-01,13:41:20,-05:00,2026-04-01T13:41:20-05:00,3,6
resume/index.html,68,html,0620757c,hannahhuangh,2026-04-01,13:41:20,-05:00,2026-04-01T13:41:20-05:00,4,33
resume/index.html,69,html,0620757c,hannahhuangh,2026-04-01,13:41:20,-05:00,2026-04-01T13:41:20-05:00,4,90
resume/index.html,70,html,0620757c,hannahhuangh,2026-04-01,13:41:20,-05:00,2026-04-01T13:41:20-05:00,3,7
resume/index.html,71,html,0620757c,hannahhuangh,2026-04-01,13:41:20,-05:00,2026-04-01T13:41:20-05:00,3,2
resume/index.html,72,html,7a6bc7ae,hannahhuangh,2026-04-28,17:57:19,-07:00,2026-04-28T17:57:19-07:00,4,124
resume/index.html,73,html,7a6bc7ae,hannahhuangh,2026-04-28,17:57:19,-07:00,2026-04-28T17:57:19-07:00,4,135
resume/index.html,74,html,7a6bc7ae,hannahhuangh,2026-04-28,17:57:19,-07:00,2026-04-28T17:57:19-07:00,4,86
resume/index.html,75,html,7a6bc7ae,hannahhuangh,2026-04-28,17:57:19,-07:00,2026-04-28T17:57:19-07:00,4,108
resume/index.html,76,html,0620757c,hannahhuangh,2026-04-01,13:41:20,-05:00,2026-04-01T13:41:20-05:00,3,3
resume/index.html,77,html,0620757c,hannahhuangh,2026-04-01,13:41:20,-05:00,2026-04-01T13:41:20-05:00,2,8
resume/index.html,78,html,0620757c,hannahhuangh,2026-04-01,13:41:20,-05:00,2026-04-01T13:41:20-05:00,1,8
resume/index.html,79,html,0620757c,hannahhuangh,2026-04-01,13:41:20,-05:00,2026-04-01T13:41:20-05:00,0,0
resume/index.html,80,html,0620757c,hannahhuangh,2026-04-01,13:41:20,-05:00,2026-04-01T13:41:20-05:00,1,7
resume/index.html,81,html,d5dbfe35,hannahhuangh,2026-04-14,16:40:17,-07:00,2026-04-14T16:40:17-07:00,2,46
resume/index.html,82,html,0620757c,hannahhuangh,2026-04-01,13:41:20,-05:00,2026-04-01T13:41:20-05:00,0,0
resume/index.html,83,html,0620757c,hannahhuangh,2026-04-01,13:41:20,-05:00,2026-04-01T13:41:20-05:00,2,7
resume/index.html,84,html,0620757c,hannahhuangh,2026-04-01,13:41:20,-05:00,2026-04-01T13:41:20-05:00,3,6
resume/index.html,85,html,0620757c,hannahhuangh,2026-04-01,13:41:20,-05:00,2026-04-01T13:41:20-05:00,4,54
resume/index.html,86,html,0620757c,hannahhuangh,2026-04-01,13:41:20,-05:00,2026-04-01T13:41:20-05:00,4,56
resume/index.html,87,html,0620757c,hannahhuangh,2026-04-01,13:41:20,-05:00,2026-04-01T13:41:20-05:00,3,7
resume/index.html,88,html,0620757c,hannahhuangh,2026-04-01,13:41:20,-05:00,2026-04-01T13:41:20-05:00,3,2
resume/index.html,89,html,7a6bc7ae,hannahhuangh,2026-04-28,17:57:19,-07:00,2026-04-28T17:57:19-07:00,4,194
resume/index.html,90,html,7a6bc7ae,hannahhuangh,2026-04-28,17:57:19,-07:00,2026-04-28T17:57:19-07:00,4,170
resume/index.html,91,html,7a6bc7ae,hannahhuangh,2026-04-28,17:57:19,-07:00,2026-04-28T17:57:19-07:00,4,161
resume/index.html,92,html,0620757c,hannahhuangh,2026-04-01,13:41:20,-05:00,2026-04-01T13:41:20-05:00,3,3
resume/index.html,93,html,0620757c,hannahhuangh,2026-04-01,13:41:20,-05:00,2026-04-01T13:41:20-05:00,2,8
resume/index.html,94,html,0620757c,hannahhuangh,2026-04-01,13:41:20,-05:00,2026-04-01T13:41:20-05:00,0,0
resume/index.html,95,html,0620757c,hannahhuangh,2026-04-01,13:41:20,-05:00,2026-04-01T13:41:20-05:00,2,7
resume/index.html,96,html,0620757c,hannahhuangh,2026-04-01,13:41:20,-05:00,2026-04-01T13:41:20-05:00,3,6
resume/index.html,97,html,7a6bc7ae,hannahhuangh,2026-04-28,17:57:19,-07:00,2026-04-28T17:57:19-07:00,4,25
resume/index.html,98,html,0620757c,hannahhuangh,2026-04-01,13:41:20,-05:00,2026-04-01T13:41:20-05:00,3,7
resume/index.html,99,html,7a6bc7ae,hannahhuangh,2026-04-28,17:57:19,-07:00,2026-04-28T17:57:19-07:00,3,207
resume/index.html,100,html,0620757c,hannahhuangh,2026-04-01,13:41:20,-05:00,2026-04-01T13:41:20-05:00,2,8
resume/index.html,101,html,0620757c,hannahhuangh,2026-04-01,13:41:20,-05:00,2026-04-01T13:41:20-05:00,1,8
resume/index.html,102,html,0620757c,hannahhuangh,2026-04-01,13:41:20,-05:00,2026-04-01T13:41:20-05:00,0,0
resume/index.html,103,html,0620757c,hannahhuangh,2026-04-01,13:41:20,-05:00,2026-04-01T13:41:20-05:00,1,7
resume/index.html,104,html,0620757c,hannahhuangh,2026-04-01,13:41:20,-05:00,2026-04-01T13:41:20-05:00,2,15
resume/index.html,105,html,0620757c,hannahhuangh,2026-04-01,13:41:20,-05:00,2026-04-01T13:41:20-05:00,0,0
resume/index.html,106,html,0620757c,hannahhuangh,2026-04-01,13:41:20,-05:00,2026-04-01T13:41:20-05:00,2,7
resume/index.html,107,html,0620757c,hannahhuangh,2026-04-01,13:41:20,-05:00,2026-04-01T13:41:20-05:00,3,6
resume/index.html,108,html,7a6bc7ae,hannahhuangh,2026-04-28,17:57:19,-07:00,2026-04-28T17:57:19-07:00,4,59
resume/index.html,109,html,0620757c,hannahhuangh,2026-04-01,13:41:20,-05:00,2026-04-01T13:41:20-05:00,3,7
resume/index.html,110,html,7a6bc7ae,hannahhuangh,2026-04-28,17:57:19,-07:00,2026-04-28T17:57:19-07:00,3,149
resume/index.html,111,html,0620757c,hannahhuangh,2026-04-01,13:41:20,-05:00,2026-04-01T13:41:20-05:00,3,2
resume/index.html,112,html,7a6bc7ae,hannahhuangh,2026-04-28,17:57:19,-07:00,2026-04-28T17:57:19-07:00,4,143
resume/index.html,113,html,7a6bc7ae,hannahhuangh,2026-04-28,17:57:19,-07:00,2026-04-28T17:57:19-07:00,4,127
resume/index.html,114,html,7a6bc7ae,hannahhuangh,2026-04-28,17:57:19,-07:00,2026-04-28T17:57:19-07:00,4,129
resume/index.html,115,html,7a6bc7ae,hannahhuangh,2026-04-28,17:57:19,-07:00,2026-04-28T17:57:19-07:00,4,122
resume/index.html,116,html,0620757c,hannahhuangh,2026-04-01,13:41:20,-05:00,2026-04-01T13:41:20-05:00,3,3
resume/index.html,117,html,0620757c,hannahhuangh,2026-04-01,13:41:20,-05:00,2026-04-01T13:41:20-05:00,2,8
resume/index.html,118,html,0620757c,hannahhuangh,2026-04-01,13:41:20,-05:00,2026-04-01T13:41:20-05:00,0,0
resume/index.html,119,html,0620757c,hannahhuangh,2026-04-01,13:41:20,-05:00,2026-04-01T13:41:20-05:00,2,7
resume/index.html,120,html,0620757c,hannahhuangh,2026-04-01,13:41:20,-05:00,2026-04-01T13:41:20-05:00,3,6
resume/index.html,121,html,7a6bc7ae,hannahhuangh,2026-04-28,17:57:19,-07:00,2026-04-28T17:57:19-07:00,4,37
resume/index.html,122,html,0620757c,hannahhuangh,2026-04-01,13:41:20,-05:00,2026-04-01T13:41:20-05:00,3,7
resume/index.html,123,html,7a6bc7ae,hannahhuangh,2026-04-28,17:57:19,-07:00,2026-04-28T17:57:19-07:00,3,47
resume/index.html,124,html,0620757c,hannahhuangh,2026-04-01,13:41:20,-05:00,2026-04-01T13:41:20-05:00,3,2
resume/index.html,125,html,7a6bc7ae,hannahhuangh,2026-04-28,17:57:19,-07:00,2026-04-28T17:57:19-07:00,4,196
resume/index.html,126,html,7a6bc7ae,hannahhuangh,2026-04-28,17:57:19,-07:00,2026-04-28T17:57:19-07:00,4,135
resume/index.html,127,html,7a6bc7ae,hannahhuangh,2026-04-28,17:57:19,-07:00,2026-04-28T17:57:19-07:00,4,155
resume/index.html,128,html,0620757c,hannahhuangh,2026-04-01,13:41:20,-05:00,2026-04-01T13:41:20-05:00,3,3
resume/index.html,129,html,0620757c,hannahhuangh,2026-04-01,13:41:20,-05:00,2026-04-01T13:41:20-05:00,2,8
resume/index.html,130,html,0620757c,hannahhuangh,2026-04-01,13:41:20,-05:00,2026-04-01T13:41:20-05:00,0,0
resume/index.html,131,html,0620757c,hannahhuangh,2026-04-01,13:41:20,-05:00,2026-04-01T13:41:20-05:00,2,7
resume/index.html,132,html,0620757c,hannahhuangh,2026-04-01,13:41:20,-05:00,2026-04-01T13:41:20-05:00,3,6
resume/index.html,133,html,7a6bc7ae,hannahhuangh,2026-04-28,17:57:19,-07:00,2026-04-28T17:57:19-07:00,4,16
resume/index.html,134,html,0620757c,hannahhuangh,2026-04-01,13:41:20,-05:00,2026-04-01T13:41:20-05:00,3,7
resume/index.html,135,html,7a6bc7ae,hannahhuangh,2026-04-28,17:57:19,-07:00,2026-04-28T17:57:19-07:00,3,134
resume/index.html,136,html,0620757c,hannahhuangh,2026-04-01,13:41:20,-05:00,2026-04-01T13:41:20-05:00,3,2
resume/index.html,137,html,7a6bc7ae,hannahhuangh,2026-04-28,17:57:19,-07:00,2026-04-28T17:57:19-07:00,4,157
resume/index.html,138,html,7a6bc7ae,hannahhuangh,2026-04-28,17:57:19,-07:00,2026-04-28T17:57:19-07:00,4,180
resume/index.html,139,html,7a6bc7ae,hannahhuangh,2026-04-28,17:57:19,-07:00,2026-04-28T17:57:19-07:00,4,129
resume/index.html,140,html,7a6bc7ae,hannahhuangh,2026-04-28,17:57:19,-07:00,2026-04-28T17:57:19-07:00,4,122
resume/index.html,141,html,0620757c,hannahhuangh,2026-04-01,13:41:20,-05:00,2026-04-01T13:41:20-05:00,3,3
resume/index.html,142,html,0620757c,hannahhuangh,2026-04-01,13:41:20,-05:00,2026-04-01T13:41:20-05:00,2,8
resume/index.html,143,html,0620757c,hannahhuangh,2026-04-01,13:41:20,-05:00,2026-04-01T13:41:20-05:00,1,8
resume/index.html,144,html,0620757c,hannahhuangh,2026-04-01,13:41:20,-05:00,2026-04-01T13:41:20-05:00,0,0
resume/index.html,145,html,0620757c,hannahhuangh,2026-04-01,13:41:20,-05:00,2026-04-01T13:41:20-05:00,1,7
resume/index.html,146,html,0620757c,hannahhuangh,2026-04-01,13:41:20,-05:00,2026-04-01T13:41:20-05:00,2,13
resume/index.html,147,html,0620757c,hannahhuangh,2026-04-01,13:41:20,-05:00,2026-04-01T13:41:20-05:00,2,2
resume/index.html,148,html,7a6bc7ae,hannahhuangh,2026-04-28,17:57:19,-07:00,2026-04-28T17:57:19-07:00,3,189
resume/index.html,149,html,7a6bc7ae,hannahhuangh,2026-04-28,17:57:19,-07:00,2026-04-28T17:57:19-07:00,3,78
resume/index.html,150,html,7a6bc7ae,hannahhuangh,2026-04-28,17:57:19,-07:00,2026-04-28T17:57:19-07:00,3,170
resume/index.html,151,html,7a6bc7ae,hannahhuangh,2026-04-28,17:57:19,-07:00,2026-04-28T17:57:19-07:00,3,301
resume/index.html,152,html,7a6bc7ae,hannahhuangh,2026-04-28,17:57:19,-07:00,2026-04-28T17:57:19-07:00,3,114
resume/index.html,153,html,0620757c,hannahhuangh,2026-04-01,13:41:20,-05:00,2026-04-01T13:41:20-05:00,2,3
resume/index.html,154,html,0620757c,hannahhuangh,2026-04-01,13:41:20,-05:00,2026-04-01T13:41:20-05:00,1,8
resume/index.html,155,html,0620757c,hannahhuangh,2026-04-01,13:41:20,-05:00,2026-04-01T13:41:20-05:00,0,5
resume/index.html,156,html,0620757c,hannahhuangh,2026-04-01,13:41:20,-05:00,2026-04-01T13:41:20-05:00,0,5
projects/projects.js,1,js,40f41553,hannahhuangh,2026-04-28,18:36:24,-07:00,2026-04-28T18:36:24-07:00,0,63
projects/projects.js,2,js,f3f36085,hannahhuangh,2026-04-23,18:24:49,-07:00,2026-04-23T18:24:49-07:00,0,66
projects/projects.js,3,js,93c0d4f0,hannahhuangh,2026-04-23,18:01:17,-07:00,2026-04-23T18:01:17-07:00,0,0
projects/projects.js,4,js,40f41553,hannahhuangh,2026-04-28,18:36:24,-07:00,2026-04-28T18:36:24-07:00,0,21
projects/projects.js,5,js,40f41553,hannahhuangh,2026-04-28,18:36:24,-07:00,2026-04-28T18:36:24-07:00,0,13
projects/projects.js,6,js,40f41553,hannahhuangh,2026-04-28,18:36:24,-07:00,2026-04-28T18:36:24-07:00,0,0
projects/projects.js,7,js,f3f36085,hannahhuangh,2026-04-23,18:24:49,-07:00,2026-04-23T18:24:49-07:00,0,64
projects/projects.js,8,js,93c0d4f0,hannahhuangh,2026-04-23,18:01:17,-07:00,2026-04-23T18:01:17-07:00,0,60
projects/projects.js,9,js,93c0d4f0,hannahhuangh,2026-04-23,18:01:17,-07:00,2026-04-23T18:01:17-07:00,0,61
projects/projects.js,10,js,40f41553,hannahhuangh,2026-04-28,18:36:24,-07:00,2026-04-28T18:36:24-07:00,0,55
projects/projects.js,11,js,93c0d4f0,hannahhuangh,2026-04-23,18:01:17,-07:00,2026-04-23T18:01:17-07:00,0,0
projects/projects.js,12,js,93c0d4f0,hannahhuangh,2026-04-23,18:01:17,-07:00,2026-04-23T18:01:17-07:00,0,29
projects/projects.js,13,js,93c0d4f0,hannahhuangh,2026-04-23,18:01:17,-07:00,2026-04-23T18:01:17-07:00,1,55
projects/projects.js,14,js,93c0d4f0,hannahhuangh,2026-04-23,18:01:17,-07:00,2026-04-23T18:01:17-07:00,0,0
projects/projects.js,15,js,93c0d4f0,hannahhuangh,2026-04-23,18:01:17,-07:00,2026-04-23T18:01:17-07:00,0,0
projects/projects.js,16,js,40f41553,hannahhuangh,2026-04-28,18:36:24,-07:00,2026-04-28T18:36:24-07:00,0,48
projects/projects.js,17,js,40f41553,hannahhuangh,2026-04-28,18:36:24,-07:00,2026-04-28T18:36:24-07:00,0,23
projects/projects.js,18,js,40f41553,hannahhuangh,2026-04-28,18:36:24,-07:00,2026-04-28T18:36:24-07:00,0,0
projects/projects.js,19,js,40f41553,hannahhuangh,2026-04-28,18:36:24,-07:00,2026-04-28T18:36:24-07:00,0,48
projects/projects.js,20,js,40f41553,hannahhuangh,2026-04-28,18:36:24,-07:00,2026-04-28T18:36:24-07:00,1,25
projects/projects.js,21,js,40f41553,hannahhuangh,2026-04-28,18:36:24,-07:00,2026-04-28T18:36:24-07:00,1,17
projects/projects.js,22,js,40f41553,hannahhuangh,2026-04-28,18:36:24,-07:00,2026-04-28T18:36:24-07:00,0,0
projects/projects.js,23,js,40f41553,hannahhuangh,2026-04-28,18:36:24,-07:00,2026-04-28T18:36:24-07:00,1,56
projects/projects.js,24,js,40f41553,hannahhuangh,2026-04-28,18:36:24,-07:00,2026-04-28T18:36:24-07:00,0,0
projects/projects.js,25,js,40f41553,hannahhuangh,2026-04-28,18:36:24,-07:00,2026-04-28T18:36:24-07:00,1,56
projects/projects.js,26,js,40f41553,hannahhuangh,2026-04-28,18:36:24,-07:00,2026-04-28T18:36:24-07:00,1,31
projects/projects.js,27,js,40f41553,hannahhuangh,2026-04-28,18:36:24,-07:00,2026-04-28T18:36:24-07:00,0,1
projects/projects.js,28,js,40f41553,hannahhuangh,2026-04-28,18:36:24,-07:00,2026-04-28T18:36:24-07:00,0,0
projects/projects.js,29,js,40f41553,hannahhuangh,2026-04-28,18:36:24,-07:00,2026-04-28T18:36:24-07:00,0,44
projects/projects.js,30,js,40f41553,hannahhuangh,2026-04-28,18:36:24,-07:00,2026-04-28T18:36:24-07:00,1,38
projects/projects.js,31,js,40f41553,hannahhuangh,2026-04-28,18:36:24,-07:00,2026-04-28T18:36:24-07:00,2,61
projects/projects.js,32,js,40f41553,hannahhuangh,2026-04-28,18:36:24,-07:00,2026-04-28T18:36:24-07:00,2,42
projects/projects.js,33,js,40f41553,hannahhuangh,2026-04-28,18:36:24,-07:00,2026-04-28T18:36:24-07:00,1,1
projects/projects.js,34,js,40f41553,hannahhuangh,2026-04-28,18:36:24,-07:00,2026-04-28T18:36:24-07:00,0,0
projects/projects.js,35,js,40f41553,hannahhuangh,2026-04-28,18:36:24,-07:00,2026-04-28T18:36:24-07:00,0,0
projects/projects.js,36,js,40f41553,hannahhuangh,2026-04-28,18:36:24,-07:00,2026-04-28T18:36:24-07:00,0,38
projects/projects.js,37,js,40f41553,hannahhuangh,2026-04-28,18:36:24,-07:00,2026-04-28T18:36:24-07:00,1,42
projects/projects.js,38,js,40f41553,hannahhuangh,2026-04-28,18:36:24,-07:00,2026-04-28T18:36:24-07:00,1,34
projects/projects.js,39,js,40f41553,hannahhuangh,2026-04-28,18:36:24,-07:00,2026-04-28T18:36:24-07:00,0,0
projects/projects.js,40,js,40f41553,hannahhuangh,2026-04-28,18:36:24,-07:00,2026-04-28T18:36:24-07:00,1,29
projects/projects.js,41,js,40f41553,hannahhuangh,2026-04-28,18:36:24,-07:00,2026-04-28T18:36:24-07:00,1,30
projects/projects.js,42,js,40f41553,hannahhuangh,2026-04-28,18:36:24,-07:00,2026-04-28T18:36:24-07:00,0,0
projects/projects.js,43,js,40f41553,hannahhuangh,2026-04-28,18:36:24,-07:00,2026-04-28T18:36:24-07:00,1,28
projects/projects.js,44,js,40f41553,hannahhuangh,2026-04-28,18:36:24,-07:00,2026-04-28T18:36:24-07:00,2,12
projects/projects.js,45,js,40f41553,hannahhuangh,2026-04-28,18:36:24,-07:00,2026-04-28T18:36:24-07:00,2,14
projects/projects.js,46,js,40f41553,hannahhuangh,2026-04-28,18:36:24,-07:00,2026-04-28T18:36:24-07:00,2,11
projects/projects.js,47,js,40f41553,hannahhuangh,2026-04-28,18:36:24,-07:00,2026-04-28T18:36:24-07:00,1,0
projects/projects.js,48,js,40f41553,hannahhuangh,2026-04-28,18:36:24,-07:00,2026-04-28T18:36:24-07:00,0,0
projects/projects.js,49,js,40f41553,hannahhuangh,2026-04-28,18:36:24,-07:00,2026-04-28T18:36:24-07:00,1,46
projects/projects.js,50,js,40f41553,hannahhuangh,2026-04-28,18:36:24,-07:00,2026-04-28T18:36:24-07:00,2,6
projects/projects.js,51,js,40f41553,hannahhuangh,2026-04-28,18:36:24,-07:00,2026-04-28T18:36:24-07:00,3,11
projects/projects.js,52,js,40f41553,hannahhuangh,2026-04-28,18:36:24,-07:00,2026-04-28T18:36:24-07:00,3,9
projects/projects.js,53,js,40f41553,hannahhuangh,2026-04-28,18:36:24,-07:00,2026-04-28T18:36:24-07:00,2,0
projects/projects.js,54,js,40f41553,hannahhuangh,2026-04-28,18:36:24,-07:00,2026-04-28T18:36:24-07:00,1,1
projects/projects.js,55,js,40f41553,hannahhuangh,2026-04-28,18:36:24,-07:00,2026-04-28T18:36:24-07:00,0,0
projects/projects.js,56,js,40f41553,hannahhuangh,2026-04-28,18:36:24,-07:00,2026-04-28T18:36:24-07:00,1,52
projects/projects.js,57,js,40f41553,hannahhuangh,2026-04-28,18:36:24,-07:00,2026-04-28T18:36:24-07:00,0,0
projects/projects.js,58,js,40f41553,hannahhuangh,2026-04-28,18:36:24,-07:00,2026-04-28T18:36:24-07:00,1,27
projects/projects.js,59,js,40f41553,hannahhuangh,2026-04-28,18:36:24,-07:00,2026-04-28T18:36:24-07:00,2,13
projects/projects.js,60,js,40f41553,hannahhuangh,2026-04-28,18:36:24,-07:00,2026-04-28T18:36:24-07:00,2,15
projects/projects.js,61,js,40f41553,hannahhuangh,2026-04-28,18:36:24,-07:00,2026-04-28T18:36:24-07:00,0,0
projects/projects.js,62,js,40f41553,hannahhuangh,2026-04-28,18:36:24,-07:00,2026-04-28T18:36:24-07:00,1,35
projects/projects.js,63,js,40f41553,hannahhuangh,2026-04-28,18:36:24,-07:00,2026-04-28T18:36:24-07:00,1,49
projects/projects.js,64,js,40f41553,hannahhuangh,2026-04-28,18:36:24,-07:00,2026-04-28T18:36:24-07:00,0,0
projects/projects.js,65,js,40f41553,hannahhuangh,2026-04-28,18:36:24,-07:00,2026-04-28T18:36:24-07:00,1,27
projects/projects.js,66,js,40f41553,hannahhuangh,2026-04-28,18:36:24,-07:00,2026-04-28T18:36:24-07:00,2,1
projects/projects.js,67,js,40f41553,hannahhuangh,2026-04-28,18:36:24,-07:00,2026-04-28T18:36:24-07:00,3,13
projects/projects.js,68,js,40f41553,hannahhuangh,2026-04-28,18:36:24,-07:00,2026-04-28T18:36:24-07:00,3,25
projects/projects.js,69,js,40f41553,hannahhuangh,2026-04-28,18:36:24,-07:00,2026-04-28T18:36:24-07:00,3,24
projects/projects.js,70,js,40f41553,hannahhuangh,2026-04-28,18:36:24,-07:00,2026-04-28T18:36:24-07:00,3,41
projects/projects.js,71,js,40f41553,hannahhuangh,2026-04-28,18:36:24,-07:00,2026-04-28T18:36:24-07:00,3,18
projects/projects.js,72,js,40f41553,hannahhuangh,2026-04-28,18:36:24,-07:00,2026-04-28T18:36:24-07:00,4,47
projects/projects.js,73,js,40f41553,hannahhuangh,2026-04-28,18:36:24,-07:00,2026-04-28T18:36:24-07:00,0,0
projects/projects.js,74,js,40f41553,hannahhuangh,2026-04-28,18:36:24,-07:00,2026-04-28T18:36:24-07:00,4,62
projects/projects.js,75,js,40f41553,hannahhuangh,2026-04-28,18:36:24,-07:00,2026-04-28T18:36:24-07:00,0,0
projects/projects.js,76,js,40f41553,hannahhuangh,2026-04-28,18:36:24,-07:00,2026-04-28T18:36:24-07:00,4,19
projects/projects.js,77,js,40f41553,hannahhuangh,2026-04-28,18:36:24,-07:00,2026-04-28T18:36:24-07:00,5,18
projects/projects.js,78,js,40f41553,hannahhuangh,2026-04-28,18:36:24,-07:00,2026-04-28T18:36:24-07:00,6,22
projects/projects.js,79,js,40f41553,hannahhuangh,2026-04-28,18:36:24,-07:00,2026-04-28T18:36:24-07:00,6,30
projects/projects.js,80,js,40f41553,hannahhuangh,2026-04-28,18:36:24,-07:00,2026-04-28T18:36:24-07:00,8,53
projects/projects.js,81,js,40f41553,hannahhuangh,2026-04-28,18:36:24,-07:00,2026-04-28T18:36:24-07:00,7,0
projects/projects.js,82,js,40f41553,hannahhuangh,2026-04-28,18:36:24,-07:00,2026-04-28T18:36:24-07:00,0,0
projects/projects.js,83,js,40f41553,hannahhuangh,2026-04-28,18:36:24,-07:00,2026-04-28T18:36:24-07:00,4,53
projects/projects.js,84,js,40f41553,hannahhuangh,2026-04-28,18:36:24,-07:00,2026-04-28T18:36:24-07:00,4,28
projects/projects.js,85,js,40f41553,hannahhuangh,2026-04-28,18:36:24,-07:00,2026-04-28T18:36:24-07:00,3,1
projects/projects.js,86,js,40f41553,hannahhuangh,2026-04-28,18:36:24,-07:00,2026-04-28T18:36:24-07:00,1,1
projects/projects.js,87,js,40f41553,hannahhuangh,2026-04-28,18:36:24,-07:00,2026-04-28T18:36:24-07:00,0,0
projects/projects.js,88,js,40f41553,hannahhuangh,2026-04-28,18:36:24,-07:00,2026-04-28T18:36:24-07:00,1,24
projects/projects.js,89,js,40f41553,hannahhuangh,2026-04-28,18:36:24,-07:00,2026-04-28T18:36:24-07:00,2,4
projects/projects.js,90,js,40f41553,hannahhuangh,2026-04-28,18:36:24,-07:00,2026-04-28T18:36:24-07:00,3,11
projects/projects.js,91,js,40f41553,hannahhuangh,2026-04-28,18:36:24,-07:00,2026-04-28T18:36:24-07:00,3,39
projects/projects.js,92,js,40f41553,hannahhuangh,2026-04-28,18:36:24,-07:00,2026-04-28T18:36:24-07:00,3,41
projects/projects.js,93,js,40f41553,hannahhuangh,2026-04-28,18:36:24,-07:00,2026-04-28T18:36:24-07:00,3,68
projects/projects.js,94,js,40f41553,hannahhuangh,2026-04-28,18:36:24,-07:00,2026-04-28T18:36:24-07:00,3,18
projects/projects.js,95,js,40f41553,hannahhuangh,2026-04-28,18:36:24,-07:00,2026-04-28T18:36:24-07:00,4,47
projects/projects.js,96,js,40f41553,hannahhuangh,2026-04-28,18:36:24,-07:00,2026-04-28T18:36:24-07:00,0,0
projects/projects.js,97,js,40f41553,hannahhuangh,2026-04-28,18:36:24,-07:00,2026-04-28T18:36:24-07:00,4,62
projects/projects.js,98,js,40f41553,hannahhuangh,2026-04-28,18:36:24,-07:00,2026-04-28T18:36:24-07:00,0,0
projects/projects.js,99,js,40f41553,hannahhuangh,2026-04-28,18:36:24,-07:00,2026-04-28T18:36:24-07:00,4,19
projects/projects.js,100,js,40f41553,hannahhuangh,2026-04-28,18:36:24,-07:00,2026-04-28T18:36:24-07:00,5,18
projects/projects.js,101,js,40f41553,hannahhuangh,2026-04-28,18:36:24,-07:00,2026-04-28T18:36:24-07:00,6,22
projects/projects.js,102,js,40f41553,hannahhuangh,2026-04-28,18:36:24,-07:00,2026-04-28T18:36:24-07:00,6,30
projects/projects.js,103,js,40f41553,hannahhuangh,2026-04-28,18:36:24,-07:00,2026-04-28T18:36:24-07:00,8,53
projects/projects.js,104,js,40f41553,hannahhuangh,2026-04-28,18:36:24,-07:00,2026-04-28T18:36:24-07:00,7,0
projects/projects.js,105,js,40f41553,hannahhuangh,2026-04-28,18:36:24,-07:00,2026-04-28T18:36:24-07:00,0,0
projects/projects.js,106,js,40f41553,hannahhuangh,2026-04-28,18:36:24,-07:00,2026-04-28T18:36:24-07:00,4,53
projects/projects.js,107,js,40f41553,hannahhuangh,2026-04-28,18:36:24,-07:00,2026-04-28T18:36:24-07:00,4,28
projects/projects.js,108,js,40f41553,hannahhuangh,2026-04-28,18:36:24,-07:00,2026-04-28T18:36:24-07:00,3,1
projects/projects.js,109,js,40f41553,hannahhuangh,2026-04-28,18:36:24,-07:00,2026-04-28T18:36:24-07:00,1,1
projects/projects.js,110,js,40f41553,hannahhuangh,2026-04-28,18:36:24,-07:00,2026-04-28T18:36:24-07:00,0,0
projects/index.html,1,html,0620757c,hannahhuangh,2026-04-01,13:41:20,-05:00,2026-04-01T13:41:20-05:00,0,13
projects/index.html,2,html,0620757c,hannahhuangh,2026-04-01,13:41:20,-05:00,2026-04-01T13:41:20-05:00,0,14
projects/index.html,3,html,0620757c,hannahhuangh,2026-04-01,13:41:20,-05:00,2026-04-01T13:41:20-05:00,0,4
projects/index.html,4,html,ab248638,hannahhuangh,2026-04-07,07:51:00,-07:00,2026-04-07T07:51:00-07:00,1,20
projects/index.html,5,html,ab248638,hannahhuangh,2026-04-07,07:51:00,-07:00,2026-04-07T07:51:00-07:00,1,68
projects/index.html,6,html,ab248638,hannahhuangh,2026-04-07,07:51:00,-07:00,2026-04-07T07:51:00-07:00,1,24
projects/index.html,7,html,ab248638,hannahhuangh,2026-04-07,07:51:00,-07:00,2026-04-07T07:51:00-07:00,1,41
projects/index.html,8,html,d5dbfe35,hannahhuangh,2026-04-14,16:40:17,-07:00,2026-04-14T16:40:17-07:00,1,48
projects/index.html,9,html,93c0d4f0,hannahhuangh,2026-04-23,18:01:17,-07:00,2026-04-23T18:01:17-07:00,1,47
projects/index.html,10,html,0620757c,hannahhuangh,2026-04-01,13:41:20,-05:00,2026-04-01T13:41:20-05:00,0,5
projects/index.html,11,html,93c0d4f0,hannahhuangh,2026-04-23,18:01:17,-07:00,2026-04-23T18:01:17-07:00,0,4
projects/index.html,12,html,93c0d4f0,hannahhuangh,2026-04-23,18:01:17,-07:00,2026-04-23T18:01:17-07:00,1,41
projects/index.html,13,html,40f41553,hannahhuangh,2026-04-28,18:36:24,-07:00,2026-04-28T18:36:24-07:00,0,0
projects/index.html,14,html,40f41553,hannahhuangh,2026-04-28,18:36:24,-07:00,2026-04-28T18:36:24-07:00,1,27
projects/index.html,15,html,40f41553,hannahhuangh,2026-04-28,18:36:24,-07:00,2026-04-28T18:36:24-07:00,2,58
projects/index.html,16,html,40f41553,hannahhuangh,2026-04-28,18:36:24,-07:00,2026-04-28T18:36:24-07:00,2,22
projects/index.html,17,html,40f41553,hannahhuangh,2026-04-28,18:36:24,-07:00,2026-04-28T18:36:24-07:00,1,4
projects/index.html,18,html,40f41553,hannahhuangh,2026-04-28,18:36:24,-07:00,2026-04-28T18:36:24-07:00,0,0
projects/index.html,19,html,40f41553,hannahhuangh,2026-04-28,18:36:24,-07:00,2026-04-28T18:36:24-07:00,1,4
projects/index.html,20,html,40f41553,hannahhuangh,2026-04-28,18:36:24,-07:00,2026-04-28T18:36:24-07:00,2,15
projects/index.html,21,html,40f41553,hannahhuangh,2026-04-28,18:36:24,-07:00,2026-04-28T18:36:24-07:00,2,11
projects/index.html,22,html,40f41553,hannahhuangh,2026-04-28,18:36:24,-07:00,2026-04-28T18:36:24-07:00,2,26
projects/index.html,23,html,40f41553,hannahhuangh,2026-04-28,18:36:24,-07:00,2026-04-28T18:36:24-07:00,2,33
projects/index.html,24,html,40f41553,hannahhuangh,2026-04-28,18:36:24,-07:00,2026-04-28T18:36:24-07:00,1,0
projects/index.html,25,html,40f41553,hannahhuangh,2026-04-28,18:36:24,-07:00,2026-04-28T18:36:24-07:00,1,0
projects/index.html,26,html,93c0d4f0,hannahhuangh,2026-04-23,18:01:17,-07:00,2026-04-23T18:01:17-07:00,1,26
projects/index.html,27,html,0620757c,hannahhuangh,2026-04-01,13:41:20,-05:00,2026-04-01T13:41:20-05:00,0,5
projects/index.html,28,html,0620757c,hannahhuangh,2026-04-01,13:41:20,-05:00,2026-04-01T13:41:20-05:00,0,5
contact/index.html,1,html,0620757c,hannahhuangh,2026-04-01,13:41:20,-05:00,2026-04-01T13:41:20-05:00,0,13
contact/index.html,2,html,0620757c,hannahhuangh,2026-04-01,13:41:20,-05:00,2026-04-01T13:41:20-05:00,0,14
contact/index.html,3,html,0620757c,hannahhuangh,2026-04-01,13:41:20,-05:00,2026-04-01T13:41:20-05:00,0,4
contact/index.html,4,html,0620757c,hannahhuangh,2026-04-01,13:41:20,-05:00,2026-04-01T13:41:20-05:00,1,20
contact/index.html,5,html,0620757c,hannahhuangh,2026-04-01,13:41:20,-05:00,2026-04-01T13:41:20-05:00,1,68
contact/index.html,6,html,0620757c,hannahhuangh,2026-04-01,13:41:20,-05:00,2026-04-01T13:41:20-05:00,1,20
contact/index.html,7,html,0620757c,hannahhuangh,2026-04-01,13:41:20,-05:00,2026-04-01T13:41:20-05:00,1,41
contact/index.html,8,html,d5dbfe35,hannahhuangh,2026-04-14,16:40:17,-07:00,2026-04-14T16:40:17-07:00,1,48
contact/index.html,9,html,0620757c,hannahhuangh,2026-04-01,13:41:20,-05:00,2026-04-01T13:41:20-05:00,0,5
contact/index.html,10,html,0620757c,hannahhuangh,2026-04-01,13:41:20,-05:00,2026-04-01T13:41:20-05:00,0,4
contact/index.html,11,html,d5dbfe35,hannahhuangh,2026-04-14,16:40:17,-07:00,2026-04-14T16:40:17-07:00,1,17
contact/index.html,12,html,0620757c,hannahhuangh,2026-04-01,13:41:20,-05:00,2026-04-01T13:41:20-05:00,0,0
contact/index.html,13,html,d5dbfe35,hannahhuangh,2026-04-14,16:40:17,-07:00,2026-04-14T16:40:17-07:00,1,36
contact/index.html,14,html,0620757c,hannahhuangh,2026-04-01,13:41:20,-05:00,2026-04-01T13:41:20-05:00,2,5
contact/index.html,15,html,ab248638,hannahhuangh,2026-04-07,07:51:00,-07:00,2026-04-07T07:51:00-07:00,3,19
contact/index.html,16,html,d5dbfe35,hannahhuangh,2026-04-14,16:40:17,-07:00,2026-04-14T16:40:17-07:00,3,37
contact/index.html,17,html,0620757c,hannahhuangh,2026-04-01,13:41:20,-05:00,2026-04-01T13:41:20-05:00,2,6
contact/index.html,18,html,0620757c,hannahhuangh,2026-04-01,13:41:20,-05:00,2026-04-01T13:41:20-05:00,0,0
contact/index.html,19,html,0620757c,hannahhuangh,2026-04-01,13:41:20,-05:00,2026-04-01T13:41:20-05:00,2,5
contact/index.html,20,html,d5dbfe35,hannahhuangh,2026-04-14,16:40:17,-07:00,2026-04-14T16:40:17-07:00,3,19
contact/index.html,21,html,d5dbfe35,hannahhuangh,2026-04-14,16:40:17,-07:00,2026-04-14T16:40:17-07:00,3,72
contact/index.html,22,html,0620757c,hannahhuangh,2026-04-01,13:41:20,-05:00,2026-04-01T13:41:20-05:00,2,6
contact/index.html,23,html,0620757c,hannahhuangh,2026-04-01,13:41:20,-05:00,2026-04-01T13:41:20-05:00,0,0
contact/index.html,24,html,d5dbfe35,hannahhuangh,2026-04-14,16:40:17,-07:00,2026-04-14T16:40:17-07:00,2,19
contact/index.html,25,html,0620757c,hannahhuangh,2026-04-01,13:41:20,-05:00,2026-04-01T13:41:20-05:00,1,5
contact/index.html,26,html,0620757c,hannahhuangh,2026-04-01,13:41:20,-05:00,2026-04-01T13:41:20-05:00,0,5
contact/index.html,27,html,0620757c,hannahhuangh,2026-04-01,13:41:20,-05:00,2026-04-01T13:41:20-05:00,0,5
